inventory_id,product_id,warehouse,inventory_date,opening_stock,units_received,units_sold,closing_stock,damaged_units,stockout_flag,average_stock
I00001,P001,WH-East,2025-01-01,167,20,152,35,0,1,101.0
I00002,P002,WH-East,2025-01-01,63,113,93,82,1,0,72.5
I00003,P003,WH-North,2025-01-01,107,146,94,159,0,0,133.0
I00004,P004,WH-North,2025-01-01,110,13,152,0,1,1,55.0
I00005,P005,WH-East,2025-01-01,76,1,70,6,1,1,41.0
I00006,P006,WH-South,2025-01-01,264,88,95,257,0,0,260.5
I00007,P007,WH-East,2025-01-01,228,117,147,197,1,0,212.5
I00008,P008,WH-West,2025-01-01,81,33,40,74,0,0,77.5
I00009,P009,WH-West,2025-01-01,210,76,22,263,1,0,236.5
I00010,P010,WH-West,2025-01-01,45,111,105,51,0,1,48.0
I00011,P011,WH-East,2025-01-01,242,104,43,301,2,0,271.5
I00012,P012,WH-East,2025-01-01,186,20,27,179,0,0,182.5
I00013,P013,WH-South,2025-01-01,95,69,170,0,1,1,47.5
I00014,P014,WH-East,2025-01-01,136,86,5,217,0,0,176.5
I00015,P015,WH-South,2025-01-01,48,177,38,185,2,0,116.5
I00016,P016,WH-South,2025-01-01,73,31,136,0,4,1,36.5
I00017,P017,WH-North,2025-01-01,48,139,19,166,2,0,107.0
I00018,P018,WH-South,2025-01-01,254,179,146,286,1,0,270.0
I00019,P019,WH-North,2025-01-01,105,165,59,211,0,0,158.0
I00020,P020,WH-East,2025-01-01,72,171,157,84,2,0,78.0
I00021,P021,WH-South,2025-01-01,114,88,144,58,0,0,86.0
I00022,P022,WH-North,2025-01-01,161,178,146,191,2,0,176.0
I00023,P023,WH-West,2025-01-01,119,107,69,156,1,0,137.5
I00024,P024,WH-North,2025-01-01,291,147,116,321,1,0,306.0
I00025,P025,WH-East,2025-01-01,177,147,33,290,1,0,233.5
I00026,P026,WH-West,2025-01-01,46,20,149,0,2,1,23.0
I00027,P027,WH-East,2025-01-01,133,97,26,204,0,0,168.5
I00028,P028,WH-West,2025-01-01,209,47,140,116,0,0,162.5
I00029,P029,WH-East,2025-01-01,72,99,133,38,0,1,55.0
I00030,P030,WH-North,2025-01-01,228,133,92,269,0,0,248.5
I00031,P031,WH-West,2025-01-01,232,23,97,157,1,0,194.5
I00032,P032,WH-North,2025-01-01,295,33,19,307,2,0,301.0
I00033,P033,WH-North,2025-01-01,146,3,57,92,0,0,119.0
I00034,P034,WH-South,2025-01-01,69,62,54,76,1,1,72.5
I00035,P035,WH-South,2025-01-01,261,96,104,253,0,0,257.0
I00036,P036,WH-South,2025-01-01,246,154,34,366,0,0,306.0
I00037,P037,WH-West,2025-01-01,232,68,153,146,1,0,189.0
I00038,P038,WH-East,2025-01-01,249,158,105,302,0,0,275.5
I00039,P039,WH-North,2025-01-01,258,170,150,278,0,0,268.0
I00040,P040,WH-North,2025-01-01,143,50,80,113,0,0,128.0
I00041,P041,WH-North,2025-01-01,90,143,132,100,1,1,95.0
I00042,P042,WH-East,2025-01-01,79,80,32,126,1,0,102.5
I00043,P043,WH-East,2025-01-01,91,109,30,170,0,0,130.5
I00044,P044,WH-North,2025-01-01,131,158,130,159,0,0,145.0
I00045,P045,WH-East,2025-01-01,24,140,150,13,1,1,18.5
I00046,P046,WH-North,2025-01-01,147,83,117,112,1,1,129.5
I00047,P047,WH-West,2025-01-01,134,103,37,199,1,0,166.5
I00048,P048,WH-East,2025-01-01,177,95,72,199,1,0,188.0
I00049,P049,WH-North,2025-01-01,283,36,103,216,0,0,249.5
I00050,P050,WH-North,2025-01-01,105,64,107,61,1,0,83.0
I00051,P051,WH-South,2025-01-01,87,136,140,83,0,0,85.0
I00052,P052,WH-North,2025-01-01,260,53,89,222,2,0,241.0
I00053,P053,WH-East,2025-01-01,175,100,114,161,0,0,168.0
I00054,P054,WH-South,2025-01-01,256,140,63,333,0,0,294.5
I00055,P055,WH-North,2025-01-01,114,121,95,140,0,0,127.0
I00056,P056,WH-West,2025-01-01,245,122,38,327,2,0,286.0
I00057,P057,WH-North,2025-01-01,259,2,10,250,1,0,254.5
I00058,P058,WH-West,2025-01-01,185,163,38,309,1,0,247.0
I00059,P059,WH-West,2025-01-01,46,38,55,28,1,1,37.0
I00060,P060,WH-South,2025-01-01,181,88,28,241,0,0,211.0
I00061,P061,WH-West,2025-01-01,262,29,58,230,3,0,246.0
I00062,P062,WH-West,2025-01-01,256,124,9,370,1,0,313.0
I00063,P063,WH-East,2025-01-01,210,123,170,163,0,0,186.5
I00064,P064,WH-North,2025-01-01,153,69,40,181,1,0,167.0
I00065,P065,WH-North,2025-01-01,157,23,172,7,1,1,82.0
I00066,P066,WH-West,2025-01-01,33,54,41,44,2,1,38.5
I00067,P067,WH-West,2025-01-01,180,127,54,253,0,0,216.5
I00068,P068,WH-North,2025-01-01,103,78,90,90,1,0,96.5
I00069,P069,WH-East,2025-01-01,175,99,176,97,1,0,136.0
I00070,P070,WH-East,2025-01-01,230,56,158,128,0,0,179.0
I00071,P071,WH-North,2025-01-01,221,102,102,218,3,0,219.5
I00072,P072,WH-East,2025-01-01,130,122,58,193,1,0,161.5
I00073,P073,WH-North,2025-01-01,295,88,15,366,2,0,330.5
I00074,P074,WH-South,2025-01-01,71,53,73,49,2,1,60.0
I00075,P075,WH-West,2025-01-01,243,68,95,215,1,0,229.0
I00076,P076,WH-East,2025-01-01,140,35,25,150,0,0,145.0
I00077,P077,WH-North,2025-01-01,166,2,85,81,2,0,123.5
I00078,P078,WH-East,2025-01-01,176,115,77,214,0,0,195.0
I00079,P079,WH-South,2025-01-01,166,149,53,261,1,0,213.5
I00080,P080,WH-East,2025-01-01,258,59,11,305,1,0,281.5
I00081,P081,WH-East,2025-01-01,26,130,29,127,0,0,76.5
I00082,P082,WH-West,2025-01-01,57,109,129,36,1,1,46.5
I00083,P083,WH-South,2025-01-01,120,60,85,95,0,0,107.5
I00084,P084,WH-South,2025-01-01,80,128,10,198,0,0,139.0
I00085,P085,WH-West,2025-01-01,40,82,32,89,1,0,64.5
I00086,P086,WH-North,2025-01-01,159,64,178,45,0,1,102.0
I00087,P087,WH-West,2025-01-01,156,81,66,170,1,0,163.0
I00088,P088,WH-South,2025-01-01,254,34,131,156,1,0,205.0
I00089,P089,WH-West,2025-01-01,278,127,57,348,0,0,313.0
I00090,P090,WH-West,2025-01-01,213,36,105,142,2,0,177.5
I00091,P091,WH-North,2025-01-01,258,123,10,370,1,0,314.0
I00092,P092,WH-West,2025-01-01,76,155,89,140,2,0,108.0
I00093,P093,WH-North,2025-01-01,210,21,114,117,0,0,163.5
I00094,P094,WH-North,2025-01-01,56,40,83,11,2,1,33.5
I00095,P095,WH-West,2025-01-01,297,90,147,236,4,0,266.5
I00096,P096,WH-North,2025-01-01,227,117,167,176,1,0,201.5
I00097,P097,WH-West,2025-01-01,157,139,95,201,0,0,179.0
I00098,P098,WH-South,2025-01-01,273,145,131,286,1,0,279.5
I00099,P099,WH-East,2025-01-01,212,54,42,224,0,0,218.0
I00100,P100,WH-North,2025-01-01,168,148,112,200,4,0,184.0
I00101,P001,WH-North,2025-02-01,279,159,144,294,0,0,286.5
I00102,P002,WH-North,2025-02-01,294,79,162,210,1,0,252.0
I00103,P003,WH-East,2025-02-01,298,75,9,362,2,0,330.0
I00104,P004,WH-West,2025-02-01,213,42,6,248,1,0,230.5
I00105,P005,WH-South,2025-02-01,118,116,168,64,2,1,91.0
I00106,P006,WH-West,2025-02-01,144,100,37,205,2,0,174.5
I00107,P007,WH-West,2025-02-01,190,53,100,141,2,0,165.5
I00108,P008,WH-South,2025-02-01,80,140,174,42,4,0,61.0
I00109,P009,WH-South,2025-02-01,240,108,76,272,0,0,256.0
I00110,P010,WH-North,2025-02-01,67,94,88,72,1,1,69.5
I00111,P011,WH-South,2025-02-01,192,137,141,188,0,0,190.0
I00112,P012,WH-West,2025-02-01,52,64,152,0,1,1,26.0
I00113,P013,WH-North,2025-02-01,148,162,133,175,2,0,161.5
I00114,P014,WH-South,2025-02-01,94,95,148,40,1,1,67.0
I00115,P015,WH-West,2025-02-01,130,71,154,47,0,0,88.5
I00116,P016,WH-East,2025-02-01,174,63,49,187,1,0,180.5
I00117,P017,WH-North,2025-02-01,228,157,82,302,1,0,265.0
I00118,P018,WH-South,2025-02-01,121,8,100,29,0,1,75.0
I00119,P019,WH-North,2025-02-01,212,88,25,274,1,0,243.0
I00120,P020,WH-North,2025-02-01,74,1,52,21,2,1,47.5
I00121,P021,WH-North,2025-02-01,94,73,53,114,0,0,104.0
I00122,P022,WH-East,2025-02-01,38,27,110,0,0,1,19.0
I00123,P023,WH-West,2025-02-01,207,137,83,259,2,0,233.0
I00124,P024,WH-East,2025-02-01,221,127,176,171,1,0,196.0
I00125,P025,WH-North,2025-02-01,244,44,122,166,0,0,205.0
I00126,P026,WH-East,2025-02-01,121,131,96,155,1,0,138.0
I00127,P027,WH-North,2025-02-01,166,1,8,159,0,0,162.5
I00128,P028,WH-East,2025-02-01,37,103,164,0,1,1,18.5
I00129,P029,WH-South,2025-02-01,227,160,38,348,1,0,287.5
I00130,P030,WH-East,2025-02-01,66,140,56,149,1,0,107.5
I00131,P031,WH-East,2025-02-01,125,97,135,86,1,0,105.5
I00132,P032,WH-West,2025-02-01,146,68,130,84,0,1,115.0
I00133,P033,WH-East,2025-02-01,63,127,42,146,2,0,104.5
I00134,P034,WH-South,2025-02-01,110,125,19,216,0,0,163.0
I00135,P035,WH-East,2025-02-01,201,62,66,195,2,0,198.0
I00136,P036,WH-South,2025-02-01,90,23,42,69,2,0,79.5
I00137,P037,WH-South,2025-02-01,221,21,165,76,1,1,148.5
I00138,P038,WH-South,2025-02-01,124,169,89,204,0,0,164.0
I00139,P039,WH-East,2025-02-01,32,53,144,0,1,1,16.0
I00140,P040,WH-North,2025-02-01,28,12,26,13,1,1,20.5
I00141,P041,WH-North,2025-02-01,146,168,11,302,1,0,224.0
I00142,P042,WH-West,2025-02-01,140,78,145,70,3,1,105.0
I00143,P043,WH-East,2025-02-01,254,22,41,235,0,0,244.5
I00144,P044,WH-South,2025-02-01,255,145,72,328,0,0,291.5
I00145,P045,WH-South,2025-02-01,195,19,76,138,0,0,166.5
I00146,P046,WH-East,2025-02-01,26,49,57,17,1,1,21.5
I00147,P047,WH-East,2025-02-01,223,135,36,321,1,0,272.0
I00148,P048,WH-East,2025-02-01,173,50,37,185,1,0,179.0
I00149,P049,WH-East,2025-02-01,229,103,149,180,3,0,204.5
I00150,P050,WH-South,2025-02-01,180,31,153,55,3,0,117.5
I00151,P051,WH-West,2025-02-01,85,176,75,185,1,0,135.0
I00152,P052,WH-South,2025-02-01,218,163,78,302,1,0,260.0
I00153,P053,WH-North,2025-02-01,113,108,108,111,2,0,112.0
I00154,P054,WH-West,2025-02-01,232,5,66,170,1,0,201.0
I00155,P055,WH-North,2025-02-01,102,122,169,55,0,0,78.5
I00156,P056,WH-East,2025-02-01,88,134,46,175,1,0,131.5
I00157,P057,WH-North,2025-02-01,110,32,30,110,2,0,110.0
I00158,P058,WH-West,2025-02-01,21,78,48,49,2,1,35.0
I00159,P059,WH-East,2025-02-01,65,177,71,171,0,0,118.0
I00160,P060,WH-East,2025-02-01,64,24,169,0,1,1,32.0
I00161,P061,WH-East,2025-02-01,64,111,150,24,1,1,44.0
I00162,P062,WH-North,2025-02-01,29,116,12,133,0,0,81.0
I00163,P063,WH-West,2025-02-01,31,95,134,0,2,1,15.5
I00164,P064,WH-North,2025-02-01,21,26,158,0,0,1,10.5
I00165,P065,WH-West,2025-02-01,212,94,172,131,3,0,171.5
I00166,P066,WH-South,2025-02-01,268,71,56,281,2,0,274.5
I00167,P067,WH-South,2025-02-01,211,98,39,269,1,0,240.0
I00168,P068,WH-West,2025-02-01,107,9,55,61,0,0,84.0
I00169,P069,WH-South,2025-02-01,256,63,37,282,0,0,269.0
I00170,P070,WH-South,2025-02-01,196,107,131,172,0,0,184.0
I00171,P071,WH-East,2025-02-01,285,30,29,285,1,0,285.0
I00172,P072,WH-East,2025-02-01,150,54,52,150,2,0,150.0
I00173,P073,WH-West,2025-02-01,132,114,64,182,0,0,157.0
I00174,P074,WH-West,2025-02-01,33,136,89,79,1,1,56.0
I00175,P075,WH-East,2025-02-01,179,7,40,143,3,0,161.0
I00176,P076,WH-South,2025-02-01,53,148,13,187,1,0,120.0
I00177,P077,WH-North,2025-02-01,44,114,95,62,1,0,53.0
I00178,P078,WH-South,2025-02-01,244,20,93,170,1,0,207.0
I00179,P079,WH-East,2025-02-01,80,13,92,0,3,1,40.0
I00180,P080,WH-South,2025-02-01,293,172,27,437,1,0,365.0
I00181,P081,WH-South,2025-02-01,149,149,119,178,1,0,163.5
I00182,P082,WH-South,2025-02-01,175,62,21,214,2,0,194.5
I00183,P083,WH-East,2025-02-01,206,114,6,313,1,0,259.5
I00184,P084,WH-South,2025-02-01,127,115,113,128,1,0,127.5
I00185,P085,WH-West,2025-02-01,162,145,81,223,3,0,192.5
I00186,P086,WH-South,2025-02-01,167,25,167,23,2,1,95.0
I00187,P087,WH-West,2025-02-01,293,171,139,324,1,0,308.5
I00188,P088,WH-North,2025-02-01,258,112,48,319,3,0,288.5
I00189,P089,WH-East,2025-02-01,268,121,19,370,0,0,319.0
I00190,P090,WH-East,2025-02-01,192,119,49,260,2,0,226.0
I00191,P091,WH-North,2025-02-01,39,145,120,64,0,1,51.5
I00192,P092,WH-West,2025-02-01,295,169,83,380,1,0,337.5
I00193,P093,WH-South,2025-02-01,287,52,102,236,1,0,261.5
I00194,P094,WH-South,2025-02-01,299,108,65,342,0,0,320.5
I00195,P095,WH-North,2025-02-01,97,69,177,0,0,1,48.5
I00196,P096,WH-West,2025-02-01,171,59,171,59,0,0,115.0
I00197,P097,WH-West,2025-02-01,277,100,168,209,0,0,243.0
I00198,P098,WH-South,2025-02-01,217,80,98,196,3,0,206.5
I00199,P099,WH-South,2025-02-01,173,30,12,189,2,0,181.0
I00200,P100,WH-North,2025-02-01,157,167,112,211,1,0,184.0
I00201,P001,WH-East,2025-03-01,174,146,61,259,0,0,216.5
I00202,P002,WH-North,2025-03-01,242,109,169,180,2,0,211.0
I00203,P003,WH-East,2025-03-01,168,28,111,84,1,0,126.0
I00204,P004,WH-East,2025-03-01,270,87,68,288,1,0,279.0
I00205,P005,WH-East,2025-03-01,73,58,132,0,3,1,36.5
I00206,P006,WH-South,2025-03-01,199,38,81,155,1,0,177.0
I00207,P007,WH-West,2025-03-01,183,179,48,313,1,0,248.0
I00208,P008,WH-East,2025-03-01,200,146,48,297,1,0,248.5
I00209,P009,WH-East,2025-03-01,130,6,46,88,2,0,109.0
I00210,P010,WH-East,2025-03-01,277,76,50,303,0,0,290.0
I00211,P011,WH-East,2025-03-01,160,59,59,159,1,0,159.5
I00212,P012,WH-North,2025-03-01,232,85,137,179,1,0,205.5
I00213,P013,WH-East,2025-03-01,184,95,7,271,1,0,227.5
I00214,P014,WH-North,2025-03-01,261,41,170,132,0,0,196.5
I00215,P015,WH-East,2025-03-01,285,139,51,373,0,0,329.0
I00216,P016,WH-East,2025-03-01,136,9,133,10,2,1,73.0
I00217,P017,WH-West,2025-03-01,138,118,143,112,1,0,125.0
I00218,P018,WH-North,2025-03-01,247,85,14,317,1,0,282.0
I00219,P019,WH-North,2025-03-01,259,123,80,301,1,0,280.0
I00220,P020,WH-East,2025-03-01,184,81,27,237,1,0,210.5
I00221,P021,WH-West,2025-03-01,38,142,121,57,2,0,47.5
I00222,P022,WH-West,2025-03-01,89,5,80,13,1,1,51.0
I00223,P023,WH-East,2025-03-01,89,114,105,97,1,0,93.0
I00224,P024,WH-West,2025-03-01,102,6,65,43,0,1,72.5
I00225,P025,WH-West,2025-03-01,232,98,57,272,1,0,252.0
I00226,P026,WH-East,2025-03-01,47,45,127,0,0,1,23.5
I00227,P027,WH-South,2025-03-01,268,166,88,345,1,0,306.5
I00228,P028,WH-West,2025-03-01,88,40,54,74,0,0,81.0
I00229,P029,WH-North,2025-03-01,219,90,74,235,0,0,227.0
I00230,P030,WH-East,2025-03-01,231,147,109,269,0,0,250.0
I00231,P031,WH-South,2025-03-01,143,177,78,242,0,0,192.5
I00232,P032,WH-South,2025-03-01,182,63,169,76,0,1,129.0
I00233,P033,WH-West,2025-03-01,174,72,7,239,0,0,206.5
I00234,P034,WH-South,2025-03-01,245,29,20,254,0,0,249.5
I00235,P035,WH-East,2025-03-01,235,99,28,304,2,0,269.5
I00236,P036,WH-East,2025-03-01,120,45,52,111,2,0,115.5
I00237,P037,WH-North,2025-03-01,74,161,69,166,0,0,120.0
I00238,P038,WH-West,2025-03-01,53,58,67,43,1,1,48.0
I00239,P039,WH-South,2025-03-01,41,55,10,82,4,0,61.5
I00240,P040,WH-West,2025-03-01,248,58,72,233,1,0,240.5
I00241,P041,WH-East,2025-03-01,264,67,158,173,0,0,218.5
I00242,P042,WH-South,2025-03-01,152,165,120,197,0,0,174.5
I00243,P043,WH-North,2025-03-01,294,117,69,341,1,0,317.5
I00244,P044,WH-West,2025-03-01,166,65,70,161,0,0,163.5
I00245,P045,WH-West,2025-03-01,146,50,131,64,1,1,105.0
I00246,P046,WH-South,2025-03-01,249,97,158,188,0,0,218.5
I00247,P047,WH-South,2025-03-01,224,170,52,342,0,0,283.0
I00248,P048,WH-South,2025-03-01,52,80,103,27,2,1,39.5
I00249,P049,WH-West,2025-03-01,109,125,164,69,1,1,89.0
I00250,P050,WH-West,2025-03-01,216,98,74,239,1,0,227.5
I00251,P051,WH-East,2025-03-01,25,141,123,40,3,1,32.5
I00252,P052,WH-South,2025-03-01,186,168,28,325,1,0,255.5
I00253,P053,WH-East,2025-03-01,114,153,33,233,1,0,173.5
I00254,P054,WH-North,2025-03-01,273,110,78,303,2,0,288.0
I00255,P055,WH-East,2025-03-01,137,18,58,97,0,0,117.0
I00256,P056,WH-East,2025-03-01,230,94,37,285,2,0,257.5
I00257,P057,WH-West,2025-03-01,109,145,69,183,2,0,146.0
I00258,P058,WH-South,2025-03-01,105,35,118,22,0,1,63.5
I00259,P059,WH-South,2025-03-01,258,36,137,155,2,0,206.5
I00260,P060,WH-North,2025-03-01,162,36,31,166,1,0,164.0
I00261,P061,WH-West,2025-03-01,219,134,33,320,0,0,269.5
I00262,P062,WH-North,2025-03-01,114,164,100,177,1,0,145.5
I00263,P063,WH-North,2025-03-01,286,22,166,141,1,0,213.5
I00264,P064,WH-South,2025-03-01,132,60,136,56,0,1,94.0
I00265,P065,WH-North,2025-03-01,258,106,107,255,2,0,256.5
I00266,P066,WH-South,2025-03-01,85,134,129,90,0,0,87.5
I00267,P067,WH-East,2025-03-01,201,147,9,339,0,0,270.0
I00268,P068,WH-West,2025-03-01,133,26,8,149,2,0,141.0
I00269,P069,WH-East,2025-03-01,238,85,174,148,1,0,193.0
I00270,P070,WH-East,2025-03-01,294,115,98,310,1,0,302.0
I00271,P071,WH-North,2025-03-01,190,94,153,128,3,0,159.0
I00272,P072,WH-South,2025-03-01,252,161,40,372,1,0,312.0
I00273,P073,WH-West,2025-03-01,60,161,157,64,0,0,62.0
I00274,P074,WH-South,2025-03-01,270,21,125,166,0,0,218.0
I00275,P075,WH-East,2025-03-01,259,172,73,357,1,0,308.0
I00276,P076,WH-North,2025-03-01,286,155,9,430,2,0,358.0
I00277,P077,WH-West,2025-03-01,109,28,40,97,0,0,103.0
I00278,P078,WH-North,2025-03-01,291,42,73,259,1,0,275.0
I00279,P079,WH-North,2025-03-01,96,7,58,44,1,1,70.0
I00280,P080,WH-West,2025-03-01,284,70,34,320,0,0,302.0
I00281,P081,WH-West,2025-03-01,114,64,34,143,1,0,128.5
I00282,P082,WH-South,2025-03-01,264,74,110,228,0,0,246.0
I00283,P083,WH-North,2025-03-01,223,60,101,182,0,0,202.5
I00284,P084,WH-East,2025-03-01,56,89,149,0,0,1,28.0
I00285,P085,WH-East,2025-03-01,69,122,75,116,0,0,92.5
I00286,P086,WH-North,2025-03-01,179,114,52,240,1,0,209.5
I00287,P087,WH-East,2025-03-01,208,56,165,99,0,0,153.5
I00288,P088,WH-West,2025-03-01,196,163,58,301,0,0,248.5
I00289,P089,WH-South,2025-03-01,93,43,37,97,2,0,95.0
I00290,P090,WH-East,2025-03-01,63,50,103,9,1,1,36.0
I00291,P091,WH-East,2025-03-01,154,128,145,133,4,0,143.5
I00292,P092,WH-South,2025-03-01,133,83,179,34,3,1,83.5
I00293,P093,WH-East,2025-03-01,69,174,176,65,2,0,67.0
I00294,P094,WH-North,2025-03-01,164,144,171,135,2,0,149.5
I00295,P095,WH-East,2025-03-01,34,128,62,100,0,1,67.0
I00296,P096,WH-West,2025-03-01,152,61,131,80,2,0,116.0
I00297,P097,WH-South,2025-03-01,90,45,94,40,1,1,65.0
I00298,P098,WH-South,2025-03-01,103,168,155,116,0,0,109.5
I00299,P099,WH-South,2025-03-01,101,32,93,40,0,1,70.5
I00300,P100,WH-East,2025-03-01,69,178,23,224,0,0,146.5
I00301,P001,WH-North,2025-04-01,176,107,48,234,1,0,205.0
I00302,P002,WH-South,2025-04-01,47,108,166,0,0,1,23.5
I00303,P003,WH-South,2025-04-01,277,113,21,369,0,0,323.0
I00304,P004,WH-East,2025-04-01,199,15,165,48,1,1,123.5
I00305,P005,WH-East,2025-04-01,229,51,66,214,0,0,221.5
I00306,P006,WH-West,2025-04-01,30,85,135,0,0,1,15.0
I00307,P007,WH-West,2025-04-01,85,16,135,0,1,1,42.5
I00308,P008,WH-West,2025-04-01,95,62,55,101,1,0,98.0
I00309,P009,WH-North,2025-04-01,228,131,179,179,1,0,203.5
I00310,P010,WH-North,2025-04-01,265,38,149,153,1,0,209.0
I00311,P011,WH-North,2025-04-01,175,15,138,50,2,1,112.5
I00312,P012,WH-North,2025-04-01,58,144,50,152,0,0,105.0
I00313,P013,WH-East,2025-04-01,39,86,137,0,2,1,19.5
I00314,P014,WH-West,2025-04-01,287,80,162,203,2,0,245.0
I00315,P015,WH-North,2025-04-01,21,124,121,23,1,1,22.0
I00316,P016,WH-South,2025-04-01,235,48,63,220,0,0,227.5
I00317,P017,WH-East,2025-04-01,138,173,104,205,2,0,171.5
I00318,P018,WH-North,2025-04-01,179,65,89,154,1,0,166.5
I00319,P019,WH-West,2025-04-01,298,130,58,370,0,0,334.0
I00320,P020,WH-South,2025-04-01,63,147,149,60,1,1,61.5
I00321,P021,WH-West,2025-04-01,224,132,84,272,0,0,248.0
I00322,P022,WH-South,2025-04-01,239,45,76,208,0,0,223.5
I00323,P023,WH-West,2025-04-01,62,78,81,55,4,1,58.5
I00324,P024,WH-North,2025-04-01,232,62,28,265,1,0,248.5
I00325,P025,WH-South,2025-04-01,20,72,25,67,0,1,43.5
I00326,P026,WH-South,2025-04-01,71,65,119,17,0,1,44.0
I00327,P027,WH-East,2025-04-01,38,1,59,0,0,1,19.0
I00328,P028,WH-East,2025-04-01,163,84,31,216,0,0,189.5
I00329,P029,WH-North,2025-04-01,262,148,47,362,1,0,312.0
I00330,P030,WH-South,2025-04-01,58,147,69,135,1,0,96.5
I00331,P031,WH-East,2025-04-01,40,9,49,0,0,1,20.0
I00332,P032,WH-North,2025-04-01,199,40,125,113,1,0,156.0
I00333,P033,WH-North,2025-04-01,284,173,148,309,0,0,296.5
I00334,P034,WH-South,2025-04-01,66,155,32,188,1,0,127.0
I00335,P035,WH-West,2025-04-01,158,28,61,125,0,0,141.5
I00336,P036,WH-North,2025-04-01,138,58,39,156,1,0,147.0
I00337,P037,WH-South,2025-04-01,77,1,32,46,0,1,61.5
I00338,P038,WH-West,2025-04-01,82,179,64,196,1,0,139.0
I00339,P039,WH-South,2025-04-01,229,115,47,297,0,0,263.0
I00340,P040,WH-North,2025-04-01,222,177,20,375,4,0,298.5
I00341,P041,WH-North,2025-04-01,90,2,93,0,0,1,45.0
I00342,P042,WH-West,2025-04-01,179,132,122,188,1,0,183.5
I00343,P043,WH-East,2025-04-01,178,149,63,264,0,0,221.0
I00344,P044,WH-North,2025-04-01,50,69,80,39,0,1,44.5
I00345,P045,WH-East,2025-04-01,24,3,147,0,0,1,12.0
I00346,P046,WH-East,2025-04-01,155,15,28,141,1,0,148.0
I00347,P047,WH-North,2025-04-01,201,68,64,205,0,0,203.0
I00348,P048,WH-West,2025-04-01,73,136,166,41,2,1,57.0
I00349,P049,WH-East,2025-04-01,212,143,74,281,0,0,246.5
I00350,P050,WH-South,2025-04-01,124,130,25,229,0,0,176.5
I00351,P051,WH-North,2025-04-01,297,141,93,342,3,0,319.5
I00352,P052,WH-West,2025-04-01,78,136,106,107,1,0,92.5
I00353,P053,WH-South,2025-04-01,104,177,28,252,1,0,178.0
I00354,P054,WH-South,2025-04-01,145,48,140,52,1,1,98.5
I00355,P055,WH-North,2025-04-01,25,39,85,0,1,1,12.5
I00356,P056,WH-South,2025-04-01,164,50,6,206,2,0,185.0
I00357,P057,WH-North,2025-04-01,247,143,87,303,0,0,275.0
I00358,P058,WH-South,2025-04-01,64,179,179,64,0,1,64.0
I00359,P059,WH-West,2025-04-01,54,84,92,46,0,1,50.0
I00360,P060,WH-East,2025-04-01,228,28,22,234,0,0,231.0
I00361,P061,WH-North,2025-04-01,189,145,20,313,1,0,251.0
I00362,P062,WH-West,2025-04-01,62,170,95,135,2,0,98.5
I00363,P063,WH-South,2025-04-01,70,26,13,81,2,1,75.5
I00364,P064,WH-South,2025-04-01,271,56,179,147,1,0,209.0
I00365,P065,WH-East,2025-04-01,87,50,62,73,2,0,80.0
I00366,P066,WH-South,2025-04-01,95,46,147,0,2,1,47.5
I00367,P067,WH-East,2025-04-01,225,71,125,169,2,0,197.0
I00368,P068,WH-West,2025-04-01,21,78,44,55,0,0,38.0
I00369,P069,WH-North,2025-04-01,76,11,72,15,0,1,45.5
I00370,P070,WH-East,2025-04-01,111,28,87,51,1,1,81.0
I00371,P071,WH-South,2025-04-01,275,140,102,313,0,0,294.0
I00372,P072,WH-East,2025-04-01,78,119,40,155,2,0,116.5
I00373,P073,WH-South,2025-04-01,202,59,135,125,1,0,163.5
I00374,P074,WH-East,2025-04-01,178,60,53,185,0,0,181.5
I00375,P075,WH-North,2025-04-01,231,138,108,261,0,0,246.0
I00376,P076,WH-West,2025-04-01,47,81,78,49,1,0,48.0
I00377,P077,WH-South,2025-04-01,242,130,133,238,1,0,240.0
I00378,P078,WH-North,2025-04-01,155,145,34,266,0,0,210.5
I00379,P079,WH-West,2025-04-01,28,21,142,0,1,1,14.0
I00380,P080,WH-East,2025-04-01,228,8,51,183,2,0,205.5
I00381,P081,WH-West,2025-04-01,21,172,87,106,0,0,63.5
I00382,P082,WH-East,2025-04-01,274,153,123,302,2,0,288.0
I00383,P083,WH-South,2025-04-01,227,91,82,236,0,0,231.5
I00384,P084,WH-South,2025-04-01,295,163,117,339,2,0,317.0
I00385,P085,WH-West,2025-04-01,272,172,52,390,2,0,331.0
I00386,P086,WH-North,2025-04-01,117,108,160,61,4,1,89.0
I00387,P087,WH-North,2025-04-01,22,22,111,0,0,1,11.0
I00388,P088,WH-South,2025-04-01,254,64,43,275,0,0,264.5
I00389,P089,WH-North,2025-04-01,130,17,29,116,2,0,123.0
I00390,P090,WH-South,2025-04-01,156,168,99,224,1,0,190.0
I00391,P091,WH-East,2025-04-01,213,172,24,360,1,0,286.5
I00392,P092,WH-North,2025-04-01,159,123,68,214,0,0,186.5
I00393,P093,WH-West,2025-04-01,139,43,161,19,2,1,79.0
I00394,P094,WH-North,2025-04-01,32,49,134,0,1,1,16.0
I00395,P095,WH-North,2025-04-01,247,17,70,194,0,0,220.5
I00396,P096,WH-South,2025-04-01,180,98,37,239,2,0,209.5
I00397,P097,WH-South,2025-04-01,41,124,178,0,2,1,20.5
I00398,P098,WH-North,2025-04-01,284,106,26,364,0,0,324.0
I00399,P099,WH-West,2025-04-01,98,168,11,253,2,0,175.5
I00400,P100,WH-North,2025-04-01,214,32,104,141,1,0,177.5
I00401,P001,WH-West,2025-05-01,141,57,48,149,1,0,145.0
I00402,P002,WH-North,2025-05-01,144,164,157,150,1,0,147.0
I00403,P003,WH-West,2025-05-01,287,107,120,273,1,0,280.0
I00404,P004,WH-South,2025-05-01,242,115,46,309,2,0,275.5
I00405,P005,WH-West,2025-05-01,128,113,112,127,2,0,127.5
I00406,P006,WH-South,2025-05-01,182,47,18,210,1,0,196.0
I00407,P007,WH-East,2025-05-01,257,41,99,198,1,0,227.5
I00408,P008,WH-West,2025-05-01,144,85,153,76,0,0,110.0
I00409,P009,WH-North,2025-05-01,138,110,34,213,1,0,175.5
I00410,P010,WH-East,2025-05-01,44,28,71,1,0,1,22.5
I00411,P011,WH-South,2025-05-01,235,104,149,185,5,0,210.0
I00412,P012,WH-East,2025-05-01,231,89,137,183,0,0,207.0
I00413,P013,WH-West,2025-05-01,36,98,84,50,0,0,43.0
I00414,P014,WH-West,2025-05-01,49,130,149,30,0,1,39.5
I00415,P015,WH-East,2025-05-01,99,73,127,43,2,0,71.0
I00416,P016,WH-South,2025-05-01,218,111,24,305,0,0,261.5
I00417,P017,WH-West,2025-05-01,28,107,67,68,0,1,48.0
I00418,P018,WH-East,2025-05-01,51,3,82,0,0,1,25.5
I00419,P019,WH-East,2025-05-01,41,150,30,161,0,0,101.0
I00420,P020,WH-South,2025-05-01,169,107,174,101,1,0,135.0
I00421,P021,WH-West,2025-05-01,83,172,162,93,0,0,88.0
I00422,P022,WH-West,2025-05-01,179,173,55,293,4,0,236.0
I00423,P023,WH-West,2025-05-01,223,27,23,226,1,0,224.5
I00424,P024,WH-East,2025-05-01,90,26,55,61,0,1,75.5
I00425,P025,WH-South,2025-05-01,246,16,76,186,0,0,216.0
I00426,P026,WH-West,2025-05-01,148,104,18,234,0,0,191.0
I00427,P027,WH-South,2025-05-01,171,128,73,225,1,0,198.0
I00428,P028,WH-South,2025-05-01,253,136,78,310,1,0,281.5
I00429,P029,WH-North,2025-05-01,166,50,85,128,3,0,147.0
I00430,P030,WH-East,2025-05-01,122,133,70,185,0,0,153.5
I00431,P031,WH-South,2025-05-01,155,94,149,97,3,0,126.0
I00432,P032,WH-South,2025-05-01,251,77,140,187,1,0,219.0
I00433,P033,WH-West,2025-05-01,252,62,85,229,0,0,240.5
I00434,P034,WH-North,2025-05-01,75,48,143,0,1,1,37.5
I00435,P035,WH-South,2025-05-01,101,35,178,0,1,1,50.5
I00436,P036,WH-West,2025-05-01,253,156,83,325,1,0,289.0
I00437,P037,WH-East,2025-05-01,211,151,105,256,1,0,233.5
I00438,P038,WH-West,2025-05-01,36,128,163,0,1,1,18.0
I00439,P039,WH-East,2025-05-01,280,14,29,265,0,0,272.5
I00440,P040,WH-South,2025-05-01,82,46,120,8,0,1,45.0
I00441,P041,WH-South,2025-05-01,125,76,78,122,1,0,123.5
I00442,P042,WH-North,2025-05-01,145,113,119,137,2,0,141.0
I00443,P043,WH-South,2025-05-01,47,80,19,107,1,0,77.0
I00444,P044,WH-West,2025-05-01,229,13,36,206,0,0,217.5
I00445,P045,WH-South,2025-05-01,135,122,120,136,1,0,135.5
I00446,P046,WH-West,2025-05-01,121,3,119,3,2,1,62.0
I00447,P047,WH-North,2025-05-01,222,58,79,200,1,0,211.0
I00448,P048,WH-North,2025-05-01,23,171,8,186,0,0,104.5
I00449,P049,WH-East,2025-05-01,248,139,75,312,0,0,280.0
I00450,P050,WH-South,2025-05-01,162,164,60,263,3,0,212.5
I00451,P051,WH-West,2025-05-01,99,30,19,108,2,0,103.5
I00452,P052,WH-South,2025-05-01,24,175,165,34,0,1,29.0
I00453,P053,WH-North,2025-05-01,256,20,45,230,1,0,243.0
I00454,P054,WH-East,2025-05-01,251,135,40,346,0,0,298.5
I00455,P055,WH-East,2025-05-01,76,71,94,52,1,0,64.0
I00456,P056,WH-South,2025-05-01,199,114,175,138,0,0,168.5
I00457,P057,WH-South,2025-05-01,272,102,6,368,0,0,320.0
I00458,P058,WH-East,2025-05-01,238,177,49,366,0,0,302.0
I00459,P059,WH-West,2025-05-01,228,154,44,338,0,0,283.0
I00460,P060,WH-West,2025-05-01,210,77,109,177,1,0,193.5
I00461,P061,WH-East,2025-05-01,99,48,53,93,1,1,96.0
I00462,P062,WH-South,2025-05-01,262,70,13,319,0,0,290.5
I00463,P063,WH-West,2025-05-01,21,163,7,177,0,0,99.0
I00464,P064,WH-South,2025-05-01,214,8,16,205,1,0,209.5
I00465,P065,WH-West,2025-05-01,184,164,108,239,1,0,211.5
I00466,P066,WH-North,2025-05-01,124,62,158,28,0,1,76.0
I00467,P067,WH-North,2025-05-01,79,31,95,13,2,1,46.0
I00468,P068,WH-North,2025-05-01,113,131,134,110,0,0,111.5
I00469,P069,WH-East,2025-05-01,271,164,143,290,2,0,280.5
I00470,P070,WH-North,2025-05-01,131,157,61,227,0,0,179.0
I00471,P071,WH-North,2025-05-01,20,130,13,137,0,0,78.5
I00472,P072,WH-North,2025-05-01,114,20,27,102,5,1,108.0
I00473,P073,WH-West,2025-05-01,136,103,34,204,1,0,170.0
I00474,P074,WH-East,2025-05-01,93,63,167,0,3,1,46.5
I00475,P075,WH-West,2025-05-01,249,6,43,211,1,0,230.0
I00476,P076,WH-East,2025-05-01,213,142,153,202,0,0,207.5
I00477,P077,WH-South,2025-05-01,280,55,87,248,0,0,264.0
I00478,P078,WH-South,2025-05-01,191,105,46,248,2,0,219.5
I00479,P079,WH-North,2025-05-01,151,141,173,119,0,0,135.0
I00480,P080,WH-East,2025-05-01,296,140,147,289,0,0,292.5
I00481,P081,WH-North,2025-05-01,192,83,178,97,0,0,144.5
I00482,P082,WH-North,2025-05-01,295,3,79,217,2,0,256.0
I00483,P083,WH-South,2025-05-01,235,19,112,139,3,0,187.0
I00484,P084,WH-North,2025-05-01,37,85,53,68,1,0,52.5
I00485,P085,WH-West,2025-05-01,30,145,39,133,3,0,81.5
I00486,P086,WH-South,2025-05-01,183,108,28,263,0,0,223.0
I00487,P087,WH-North,2025-05-01,184,140,20,303,1,0,243.5
I00488,P088,WH-West,2025-05-01,69,110,17,161,1,0,115.0
I00489,P089,WH-North,2025-05-01,220,34,28,225,1,0,222.5
I00490,P090,WH-South,2025-05-01,233,38,151,118,2,0,175.5
I00491,P091,WH-East,2025-05-01,24,75,108,0,2,1,12.0
I00492,P092,WH-East,2025-05-01,230,14,77,165,2,0,197.5
I00493,P093,WH-West,2025-05-01,23,105,44,84,0,0,53.5
I00494,P094,WH-West,2025-05-01,63,6,154,0,2,1,31.5
I00495,P095,WH-North,2025-05-01,295,31,101,224,1,0,259.5
I00496,P096,WH-East,2025-05-01,180,68,86,161,1,0,170.5
I00497,P097,WH-East,2025-05-01,218,126,114,230,0,0,224.0
I00498,P098,WH-East,2025-05-01,91,151,76,165,1,0,128.0
I00499,P099,WH-South,2025-05-01,126,97,147,76,0,0,101.0
I00500,P100,WH-East,2025-05-01,58,67,178,0,3,1,29.0
I00501,P001,WH-West,2025-06-01,288,165,40,412,1,0,350.0
I00502,P002,WH-North,2025-06-01,128,123,23,226,2,0,177.0
I00503,P003,WH-South,2025-06-01,212,84,43,253,0,0,232.5
I00504,P004,WH-East,2025-06-01,209,52,54,206,1,0,207.5
I00505,P005,WH-South,2025-06-01,176,129,22,281,2,0,228.5
I00506,P006,WH-East,2025-06-01,137,167,34,268,2,0,202.5
I00507,P007,WH-West,2025-06-01,109,109,62,155,1,0,132.0
I00508,P008,WH-South,2025-06-01,284,120,114,288,2,0,286.0
I00509,P009,WH-South,2025-06-01,178,77,99,156,0,0,167.0
I00510,P010,WH-West,2025-06-01,168,102,58,210,2,0,189.0
I00511,P011,WH-West,2025-06-01,39,108,150,0,0,1,19.5
I00512,P012,WH-North,2025-06-01,237,16,46,207,0,0,222.0
I00513,P013,WH-West,2025-06-01,170,110,52,227,1,0,198.5
I00514,P014,WH-North,2025-06-01,71,16,42,43,2,1,57.0
I00515,P015,WH-South,2025-06-01,107,19,179,0,0,1,53.5
I00516,P016,WH-North,2025-06-01,125,70,22,173,0,0,149.0
I00517,P017,WH-North,2025-06-01,265,59,112,212,0,0,238.5
I00518,P018,WH-West,2025-06-01,48,62,19,90,1,1,69.0
I00519,P019,WH-West,2025-06-01,20,120,13,126,1,0,73.0
I00520,P020,WH-South,2025-06-01,257,120,6,369,2,0,313.0
I00521,P021,WH-South,2025-06-01,38,17,28,27,0,1,32.5
I00522,P022,WH-West,2025-06-01,295,138,77,353,3,0,324.0
I00523,P023,WH-East,2025-06-01,160,5,29,136,0,0,148.0
I00524,P024,WH-South,2025-06-01,147,13,38,121,1,0,134.0
I00525,P025,WH-North,2025-06-01,291,157,107,340,1,0,315.5
I00526,P026,WH-North,2025-06-01,234,130,81,280,3,0,257.0
I00527,P027,WH-North,2025-06-01,59,28,155,0,1,1,29.5
I00528,P028,WH-East,2025-06-01,112,68,89,90,1,0,101.0
I00529,P029,WH-South,2025-06-01,94,150,139,104,1,0,99.0
I00530,P030,WH-West,2025-06-01,124,112,55,180,1,0,152.0
I00531,P031,WH-North,2025-06-01,115,57,124,48,0,0,81.5
I00532,P032,WH-North,2025-06-01,275,165,160,280,0,0,277.5
I00533,P033,WH-North,2025-06-01,69,89,94,63,1,1,66.0
I00534,P034,WH-West,2025-06-01,173,106,155,122,2,0,147.5
I00535,P035,WH-North,2025-06-01,124,72,120,75,1,0,99.5
I00536,P036,WH-West,2025-06-01,153,28,135,44,2,1,98.5
I00537,P037,WH-West,2025-06-01,156,80,63,173,0,0,164.5
I00538,P038,WH-North,2025-06-01,69,13,130,0,0,1,34.5
I00539,P039,WH-North,2025-06-01,181,66,88,159,0,0,170.0
I00540,P040,WH-East,2025-06-01,186,170,171,182,3,0,184.0
I00541,P041,WH-East,2025-06-01,69,119,120,68,0,1,68.5
I00542,P042,WH-West,2025-06-01,155,47,118,82,2,0,118.5
I00543,P043,WH-East,2025-06-01,244,84,94,233,1,0,238.5
I00544,P044,WH-South,2025-06-01,206,117,161,160,2,0,183.0
I00545,P045,WH-East,2025-06-01,262,26,155,133,0,0,197.5
I00546,P046,WH-South,2025-06-01,246,100,71,273,2,0,259.5
I00547,P047,WH-West,2025-06-01,117,14,130,0,2,1,58.5
I00548,P048,WH-South,2025-06-01,212,152,149,215,0,0,213.5
I00549,P049,WH-East,2025-06-01,228,165,73,320,0,0,274.0
I00550,P050,WH-East,2025-06-01,94,107,166,34,1,1,64.0
I00551,P051,WH-South,2025-06-01,193,117,148,160,2,0,176.5
I00552,P052,WH-South,2025-06-01,260,46,164,142,0,0,201.0
I00553,P053,WH-North,2025-06-01,292,123,128,287,0,0,289.5
I00554,P054,WH-West,2025-06-01,189,81,151,119,0,0,154.0
I00555,P055,WH-South,2025-06-01,177,75,124,127,1,0,152.0
I00556,P056,WH-West,2025-06-01,181,85,6,259,1,0,220.0
I00557,P057,WH-South,2025-06-01,243,56,126,172,1,0,207.5
I00558,P058,WH-North,2025-06-01,173,124,142,155,0,0,164.0
I00559,P059,WH-West,2025-06-01,167,14,117,64,0,1,115.5
I00560,P060,WH-East,2025-06-01,171,163,150,184,0,0,177.5
I00561,P061,WH-West,2025-06-01,96,124,82,138,0,0,117.0
I00562,P062,WH-East,2025-06-01,138,151,51,238,0,0,188.0
I00563,P063,WH-North,2025-06-01,189,95,169,115,0,0,152.0
I00564,P064,WH-East,2025-06-01,259,91,159,190,1,0,224.5
I00565,P065,WH-West,2025-06-01,181,2,60,123,0,0,152.0
I00566,P066,WH-South,2025-06-01,77,7,30,50,4,1,63.5
I00567,P067,WH-East,2025-06-01,68,42,25,85,0,0,76.5
I00568,P068,WH-West,2025-06-01,108,159,25,242,0,0,175.0
I00569,P069,WH-South,2025-06-01,26,98,134,0,1,1,13.0
I00570,P070,WH-West,2025-06-01,37,143,16,163,1,0,100.0
I00571,P071,WH-North,2025-06-01,59,170,154,74,1,1,66.5
I00572,P072,WH-West,2025-06-01,189,90,45,232,2,0,210.5
I00573,P073,WH-North,2025-06-01,141,16,95,62,0,0,101.5
I00574,P074,WH-East,2025-06-01,81,117,88,109,1,0,95.0
I00575,P075,WH-East,2025-06-01,270,25,92,203,0,0,236.5
I00576,P076,WH-North,2025-06-01,68,72,163,0,1,1,34.0
I00577,P077,WH-North,2025-06-01,106,110,125,90,1,0,98.0
I00578,P078,WH-West,2025-06-01,288,134,22,400,0,0,344.0
I00579,P079,WH-South,2025-06-01,26,19,126,0,2,1,13.0
I00580,P080,WH-South,2025-06-01,33,159,13,179,0,0,106.0
I00581,P081,WH-South,2025-06-01,112,15,156,0,1,1,56.0
I00582,P082,WH-West,2025-06-01,269,113,142,238,2,0,253.5
I00583,P083,WH-South,2025-06-01,260,135,5,390,0,0,325.0
I00584,P084,WH-North,2025-06-01,130,101,165,64,2,0,97.0
I00585,P085,WH-East,2025-06-01,81,34,176,0,1,1,40.5
I00586,P086,WH-West,2025-06-01,41,134,138,33,4,1,37.0
I00587,P087,WH-North,2025-06-01,119,42,78,82,1,0,100.5
I00588,P088,WH-East,2025-06-01,203,146,27,321,1,0,262.0
I00589,P089,WH-West,2025-06-01,244,141,165,219,1,0,231.5
I00590,P090,WH-South,2025-06-01,65,110,50,125,0,0,95.0
I00591,P091,WH-South,2025-06-01,161,84,175,70,0,1,115.5
I00592,P092,WH-West,2025-06-01,162,73,162,72,1,1,117.0
I00593,P093,WH-South,2025-06-01,260,81,143,197,1,0,228.5
I00594,P094,WH-South,2025-06-01,297,86,152,231,0,0,264.0
I00595,P095,WH-South,2025-06-01,60,122,116,62,4,1,61.0
I00596,P096,WH-West,2025-06-01,67,26,98,0,2,1,33.5
I00597,P097,WH-North,2025-06-01,217,55,139,133,0,0,175.0
I00598,P098,WH-North,2025-06-01,40,46,64,21,1,1,30.5
I00599,P099,WH-South,2025-06-01,109,16,157,0,1,1,54.5
I00600,P100,WH-West,2025-06-01,29,80,135,0,1,1,14.5
I00601,P001,WH-North,2025-07-01,67,150,95,121,1,0,94.0
I00602,P002,WH-North,2025-07-01,95,84,11,167,1,0,131.0
I00603,P003,WH-North,2025-07-01,235,88,178,141,4,0,188.0
I00604,P004,WH-South,2025-07-01,64,72,113,21,2,1,42.5
I00605,P005,WH-South,2025-07-01,128,90,91,126,1,0,127.0
I00606,P006,WH-North,2025-07-01,21,79,122,0,1,1,10.5
I00607,P007,WH-South,2025-07-01,64,9,141,0,1,1,32.0
I00608,P008,WH-West,2025-07-01,296,130,97,329,0,0,312.5
I00609,P009,WH-East,2025-07-01,42,164,40,166,0,0,104.0
I00610,P010,WH-West,2025-07-01,34,34,124,0,0,1,17.0
I00611,P011,WH-South,2025-07-01,290,120,100,308,2,0,299.0
I00612,P012,WH-West,2025-07-01,188,99,93,193,1,0,190.5
I00613,P013,WH-East,2025-07-01,45,29,126,0,1,1,22.5
I00614,P014,WH-South,2025-07-01,128,110,115,121,2,0,124.5
I00615,P015,WH-North,2025-07-01,250,147,38,358,1,0,304.0
I00616,P016,WH-West,2025-07-01,214,126,23,317,0,0,265.5
I00617,P017,WH-West,2025-07-01,105,154,42,217,0,0,161.0
I00618,P018,WH-West,2025-07-01,32,92,153,0,0,1,16.0
I00619,P019,WH-West,2025-07-01,65,113,82,95,1,0,80.0
I00620,P020,WH-South,2025-07-01,297,16,101,208,4,0,252.5
I00621,P021,WH-South,2025-07-01,186,70,162,94,0,0,140.0
I00622,P022,WH-East,2025-07-01,93,127,70,149,1,0,121.0
I00623,P023,WH-South,2025-07-01,225,12,5,230,2,0,227.5
I00624,P024,WH-East,2025-07-01,210,53,155,105,3,0,157.5
I00625,P025,WH-North,2025-07-01,281,108,36,350,3,0,315.5
I00626,P026,WH-West,2025-07-01,102,1,47,56,0,1,79.0
I00627,P027,WH-South,2025-07-01,23,74,178,0,0,1,11.5
I00628,P028,WH-East,2025-07-01,33,98,113,15,3,1,24.0
I00629,P029,WH-South,2025-07-01,40,60,6,94,0,0,67.0
I00630,P030,WH-West,2025-07-01,137,146,80,203,0,0,170.0
I00631,P031,WH-West,2025-07-01,204,100,93,209,2,0,206.5
I00632,P032,WH-North,2025-07-01,101,148,128,120,1,0,110.5
I00633,P033,WH-East,2025-07-01,110,153,152,111,0,0,110.5
I00634,P034,WH-South,2025-07-01,220,172,68,324,0,0,272.0
I00635,P035,WH-West,2025-07-01,189,155,62,281,1,0,235.0
I00636,P036,WH-East,2025-07-01,147,58,115,89,1,0,118.0
I00637,P037,WH-West,2025-07-01,31,44,70,3,2,1,17.0
I00638,P038,WH-West,2025-07-01,202,68,9,260,1,0,231.0
I00639,P039,WH-West,2025-07-01,159,164,102,221,0,0,190.0
I00640,P040,WH-East,2025-07-01,207,167,125,249,0,0,228.0
I00641,P041,WH-North,2025-07-01,197,49,100,144,2,0,170.5
I00642,P042,WH-South,2025-07-01,67,133,54,145,1,0,106.0
I00643,P043,WH-West,2025-07-01,232,130,45,315,2,0,273.5
I00644,P044,WH-East,2025-07-01,235,146,133,248,0,0,241.5
I00645,P045,WH-West,2025-07-01,234,27,51,209,1,0,221.5
I00646,P046,WH-East,2025-07-01,264,136,87,311,2,0,287.5
I00647,P047,WH-West,2025-07-01,88,77,49,116,0,0,102.0
I00648,P048,WH-South,2025-07-01,159,66,108,116,1,0,137.5
I00649,P049,WH-West,2025-07-01,118,166,148,135,1,0,126.5
I00650,P050,WH-South,2025-07-01,63,83,91,55,0,0,59.0
I00651,P051,WH-South,2025-07-01,259,71,165,165,0,0,212.0
I00652,P052,WH-South,2025-07-01,171,158,75,254,0,0,212.5
I00653,P053,WH-North,2025-07-01,34,118,25,127,0,0,80.5
I00654,P054,WH-East,2025-07-01,125,64,153,33,3,1,79.0
I00655,P055,WH-North,2025-07-01,129,25,79,73,2,0,101.0
I00656,P056,WH-West,2025-07-01,65,69,136,0,0,1,32.5
I00657,P057,WH-West,2025-07-01,228,171,91,307,1,0,267.5
I00658,P058,WH-North,2025-07-01,55,33,138,0,0,1,27.5
I00659,P059,WH-West,2025-07-01,74,22,129,0,0,1,37.0
I00660,P060,WH-East,2025-07-01,119,27,68,77,1,1,98.0
I00661,P061,WH-North,2025-07-01,190,140,76,254,0,0,222.0
I00662,P062,WH-South,2025-07-01,238,138,153,222,1,0,230.0
I00663,P063,WH-South,2025-07-01,233,49,53,228,1,0,230.5
I00664,P064,WH-East,2025-07-01,263,90,90,263,0,0,263.0
I00665,P065,WH-North,2025-07-01,282,170,46,405,1,0,343.5
I00666,P066,WH-South,2025-07-01,287,37,7,317,0,0,302.0
I00667,P067,WH-West,2025-07-01,178,36,28,185,1,0,181.5
I00668,P068,WH-South,2025-07-01,163,17,72,107,1,0,135.0
I00669,P069,WH-West,2025-07-01,142,44,57,128,1,0,135.0
I00670,P070,WH-South,2025-07-01,119,140,110,147,2,0,133.0
I00671,P071,WH-South,2025-07-01,198,13,175,36,0,1,117.0
I00672,P072,WH-East,2025-07-01,217,47,76,186,2,0,201.5
I00673,P073,WH-West,2025-07-01,124,34,101,56,1,0,90.0
I00674,P074,WH-South,2025-07-01,134,53,43,144,0,0,139.0
I00675,P075,WH-South,2025-07-01,92,179,116,154,1,0,123.0
I00676,P076,WH-East,2025-07-01,84,99,46,137,0,0,110.5
I00677,P077,WH-East,2025-07-01,213,73,55,231,0,0,222.0
I00678,P078,WH-North,2025-07-01,203,41,106,138,0,0,170.5
I00679,P079,WH-West,2025-07-01,118,51,162,6,1,1,62.0
I00680,P080,WH-East,2025-07-01,159,61,124,96,0,0,127.5
I00681,P081,WH-South,2025-07-01,252,43,136,158,1,0,205.0
I00682,P082,WH-East,2025-07-01,142,176,94,222,2,0,182.0
I00683,P083,WH-South,2025-07-01,167,135,165,136,1,0,151.5
I00684,P084,WH-North,2025-07-01,67,135,64,138,0,0,102.5
I00685,P085,WH-North,2025-07-01,186,105,59,231,1,0,208.5
I00686,P086,WH-South,2025-07-01,50,100,32,117,1,0,83.5
I00687,P087,WH-South,2025-07-01,289,72,74,286,1,0,287.5
I00688,P088,WH-North,2025-07-01,163,150,163,150,0,0,156.5
I00689,P089,WH-East,2025-07-01,278,66,170,173,1,0,225.5
I00690,P090,WH-South,2025-07-01,279,19,49,248,1,0,263.5
I00691,P091,WH-North,2025-07-01,47,72,63,53,3,1,50.0
I00692,P092,WH-South,2025-07-01,248,178,122,304,0,0,276.0
I00693,P093,WH-South,2025-07-01,151,160,85,226,0,0,188.5
I00694,P094,WH-South,2025-07-01,103,41,170,0,1,1,51.5
I00695,P095,WH-East,2025-07-01,204,53,101,155,1,0,179.5
I00696,P096,WH-South,2025-07-01,156,7,116,45,2,0,100.5
I00697,P097,WH-East,2025-07-01,130,4,76,57,1,1,93.5
I00698,P098,WH-West,2025-07-01,79,88,104,62,1,1,70.5
I00699,P099,WH-South,2025-07-01,153,87,123,116,1,0,134.5
I00700,P100,WH-South,2025-07-01,276,16,125,166,1,0,221.0
I00701,P001,WH-East,2025-08-01,77,172,76,171,2,0,124.0
I00702,P002,WH-West,2025-08-01,143,47,60,130,0,0,136.5
I00703,P003,WH-North,2025-08-01,209,120,35,291,3,0,250.0
I00704,P004,WH-East,2025-08-01,157,125,81,200,1,0,178.5
I00705,P005,WH-North,2025-08-01,175,92,62,203,2,0,189.0
I00706,P006,WH-East,2025-08-01,149,170,16,301,2,0,225.0
I00707,P007,WH-North,2025-08-01,93,110,112,91,0,0,92.0
I00708,P008,WH-East,2025-08-01,210,168,68,309,1,0,259.5
I00709,P009,WH-North,2025-08-01,84,150,8,225,1,0,154.5
I00710,P010,WH-West,2025-08-01,164,74,59,177,2,0,170.5
I00711,P011,WH-South,2025-08-01,194,161,140,215,0,0,204.5
I00712,P012,WH-East,2025-08-01,181,159,10,326,4,0,253.5
I00713,P013,WH-South,2025-08-01,197,7,44,160,0,0,178.5
I00714,P014,WH-East,2025-08-01,180,57,120,117,0,0,148.5
I00715,P015,WH-East,2025-08-01,84,56,167,0,3,1,42.0
I00716,P016,WH-South,2025-08-01,292,51,62,281,0,0,286.5
I00717,P017,WH-West,2025-08-01,46,23,85,0,1,1,23.0
I00718,P018,WH-West,2025-08-01,253,175,36,389,3,0,321.0
I00719,P019,WH-West,2025-08-01,140,103,137,102,4,0,121.0
I00720,P020,WH-West,2025-08-01,285,153,30,405,3,0,345.0
I00721,P021,WH-East,2025-08-01,95,38,175,0,1,1,47.5
I00722,P022,WH-South,2025-08-01,236,75,104,207,0,0,221.5
I00723,P023,WH-East,2025-08-01,231,1,37,192,3,0,211.5
I00724,P024,WH-South,2025-08-01,119,72,163,27,1,1,73.0
I00725,P025,WH-South,2025-08-01,292,130,36,384,2,0,338.0
I00726,P026,WH-North,2025-08-01,280,67,170,175,2,0,227.5
I00727,P027,WH-West,2025-08-01,231,72,147,156,0,0,193.5
I00728,P028,WH-West,2025-08-01,117,29,78,67,1,0,92.0
I00729,P029,WH-North,2025-08-01,181,140,63,258,0,0,219.5
I00730,P030,WH-South,2025-08-01,81,134,176,38,1,0,59.5
I00731,P031,WH-North,2025-08-01,248,67,21,293,1,0,270.5
I00732,P032,WH-South,2025-08-01,267,139,61,344,1,0,305.5
I00733,P033,WH-East,2025-08-01,117,77,31,162,1,0,139.5
I00734,P034,WH-West,2025-08-01,32,142,157,16,1,1,24.0
I00735,P035,WH-East,2025-08-01,114,46,165,0,2,1,57.0
I00736,P036,WH-East,2025-08-01,125,94,175,44,0,1,84.5
I00737,P037,WH-South,2025-08-01,189,11,98,100,2,1,144.5
I00738,P038,WH-East,2025-08-01,235,80,124,187,4,0,211.0
I00739,P039,WH-South,2025-08-01,167,17,68,114,2,0,140.5
I00740,P040,WH-East,2025-08-01,137,122,29,230,0,0,183.5
I00741,P041,WH-West,2025-08-01,293,46,83,256,0,0,274.5
I00742,P042,WH-North,2025-08-01,158,106,158,104,2,0,131.0
I00743,P043,WH-North,2025-08-01,235,37,130,141,1,0,188.0
I00744,P044,WH-East,2025-08-01,76,13,87,0,2,1,38.0
I00745,P045,WH-North,2025-08-01,63,65,7,120,1,0,91.5
I00746,P046,WH-West,2025-08-01,101,0,25,76,0,1,88.5
I00747,P047,WH-South,2025-08-01,121,129,35,214,1,0,167.5
I00748,P048,WH-South,2025-08-01,288,87,99,274,2,0,281.0
I00749,P049,WH-West,2025-08-01,119,69,130,57,1,1,88.0
I00750,P050,WH-North,2025-08-01,89,142,60,169,2,0,129.0
I00751,P051,WH-South,2025-08-01,154,108,153,109,0,0,131.5
I00752,P052,WH-West,2025-08-01,278,62,175,164,1,0,221.0
I00753,P053,WH-North,2025-08-01,74,117,152,39,0,1,56.5
I00754,P054,WH-West,2025-08-01,206,74,64,215,1,0,210.5
I00755,P055,WH-West,2025-08-01,88,21,69,37,3,1,62.5
I00756,P056,WH-South,2025-08-01,273,46,28,291,0,0,282.0
I00757,P057,WH-South,2025-08-01,233,38,59,211,1,0,222.0
I00758,P058,WH-South,2025-08-01,202,76,112,165,1,0,183.5
I00759,P059,WH-South,2025-08-01,228,100,95,233,0,0,230.5
I00760,P060,WH-North,2025-08-01,150,126,146,128,2,0,139.0
I00761,P061,WH-East,2025-08-01,34,172,177,29,0,1,31.5
I00762,P062,WH-East,2025-08-01,28,3,117,0,0,1,14.0
I00763,P063,WH-North,2025-08-01,197,79,138,138,0,0,167.5
I00764,P064,WH-South,2025-08-01,102,68,160,9,1,1,55.5
I00765,P065,WH-North,2025-08-01,31,53,108,0,0,1,15.5
I00766,P066,WH-East,2025-08-01,244,164,165,242,1,0,243.0
I00767,P067,WH-West,2025-08-01,184,136,22,297,1,0,240.5
I00768,P068,WH-West,2025-08-01,250,114,67,295,2,0,272.5
I00769,P069,WH-West,2025-08-01,165,164,24,304,1,0,234.5
I00770,P070,WH-East,2025-08-01,23,119,113,28,1,1,25.5
I00771,P071,WH-West,2025-08-01,204,48,113,139,0,0,171.5
I00772,P072,WH-East,2025-08-01,29,156,124,59,2,1,44.0
I00773,P073,WH-East,2025-08-01,156,89,153,89,3,0,122.5
I00774,P074,WH-East,2025-08-01,25,110,150,0,1,1,12.5
I00775,P075,WH-North,2025-08-01,251,106,110,247,0,0,249.0
I00776,P076,WH-East,2025-08-01,151,89,16,224,0,0,187.5
I00777,P077,WH-South,2025-08-01,102,92,43,149,2,0,125.5
I00778,P078,WH-West,2025-08-01,91,133,164,59,1,0,75.0
I00779,P079,WH-West,2025-08-01,273,40,76,233,4,0,253.0
I00780,P080,WH-South,2025-08-01,286,86,154,217,1,0,251.5
I00781,P081,WH-East,2025-08-01,178,46,41,182,1,0,180.0
I00782,P082,WH-South,2025-08-01,80,165,132,113,0,0,96.5
I00783,P083,WH-East,2025-08-01,146,152,37,261,0,0,203.5
I00784,P084,WH-South,2025-08-01,196,92,127,160,1,0,178.0
I00785,P085,WH-East,2025-08-01,285,95,160,216,4,0,250.5
I00786,P086,WH-South,2025-08-01,231,158,79,308,2,0,269.5
I00787,P087,WH-North,2025-08-01,272,136,46,359,3,0,315.5
I00788,P088,WH-North,2025-08-01,248,83,149,182,0,0,215.0
I00789,P089,WH-South,2025-08-01,256,175,6,424,1,0,340.0
I00790,P090,WH-North,2025-08-01,210,138,131,217,0,0,213.5
I00791,P091,WH-North,2025-08-01,192,172,161,202,1,0,197.0
I00792,P092,WH-West,2025-08-01,114,89,125,78,0,1,96.0
I00793,P093,WH-North,2025-08-01,91,69,150,9,1,1,50.0
I00794,P094,WH-South,2025-08-01,202,51,29,224,0,0,213.0
I00795,P095,WH-East,2025-08-01,295,69,41,322,1,0,308.5
I00796,P096,WH-South,2025-08-01,275,77,18,334,0,0,304.5
I00797,P097,WH-East,2025-08-01,255,81,13,320,3,0,287.5
I00798,P098,WH-North,2025-08-01,128,50,23,154,1,0,141.0
I00799,P099,WH-North,2025-08-01,285,165,135,313,2,0,299.0
I00800,P100,WH-North,2025-08-01,164,86,77,173,0,0,168.5
I00801,P001,WH-South,2025-09-01,290,105,104,289,2,0,289.5
I00802,P002,WH-East,2025-09-01,162,114,99,176,1,0,169.0
I00803,P003,WH-West,2025-09-01,66,157,16,207,0,0,136.5
I00804,P004,WH-South,2025-09-01,196,86,179,102,1,0,149.0
I00805,P005,WH-North,2025-09-01,265,11,58,215,3,0,240.0
I00806,P006,WH-South,2025-09-01,30,96,59,67,0,0,48.5
I00807,P007,WH-North,2025-09-01,87,55,93,48,1,0,67.5
I00808,P008,WH-West,2025-09-01,274,157,17,413,1,0,343.5
I00809,P009,WH-West,2025-09-01,106,92,38,159,1,0,132.5
I00810,P010,WH-South,2025-09-01,108,153,86,174,1,0,141.0
I00811,P011,WH-East,2025-09-01,272,32,163,140,1,0,206.0
I00812,P012,WH-West,2025-09-01,299,68,102,264,1,0,281.5
I00813,P013,WH-West,2025-09-01,126,163,97,191,1,0,158.5
I00814,P014,WH-West,2025-09-01,157,101,78,180,0,0,168.5
I00815,P015,WH-West,2025-09-01,27,67,150,0,0,1,13.5
I00816,P016,WH-West,2025-09-01,269,121,7,382,1,0,325.5
I00817,P017,WH-South,2025-09-01,147,119,59,206,1,0,176.5
I00818,P018,WH-South,2025-09-01,281,143,20,403,1,0,342.0
I00819,P019,WH-East,2025-09-01,165,7,137,34,1,1,99.5
I00820,P020,WH-South,2025-09-01,28,41,22,46,1,1,37.0
I00821,P021,WH-West,2025-09-01,295,165,173,286,1,0,290.5
I00822,P022,WH-West,2025-09-01,254,147,155,244,2,0,249.0
I00823,P023,WH-West,2025-09-01,92,42,130,4,0,1,48.0
I00824,P024,WH-North,2025-09-01,120,2,40,80,2,0,100.0
I00825,P025,WH-South,2025-09-01,119,156,158,116,1,0,117.5
I00826,P026,WH-South,2025-09-01,88,171,173,86,0,0,87.0
I00827,P027,WH-East,2025-09-01,68,108,123,53,0,1,60.5
I00828,P028,WH-East,2025-09-01,23,162,88,95,2,0,59.0
I00829,P029,WH-South,2025-09-01,81,57,176,0,0,1,40.5
I00830,P030,WH-East,2025-09-01,271,71,141,201,0,0,236.0
I00831,P031,WH-East,2025-09-01,105,110,152,60,3,0,82.5
I00832,P032,WH-West,2025-09-01,174,134,122,186,0,0,180.0
I00833,P033,WH-West,2025-09-01,30,99,70,59,0,1,44.5
I00834,P034,WH-West,2025-09-01,160,87,120,126,1,0,143.0
I00835,P035,WH-East,2025-09-01,218,9,162,65,0,0,141.5
I00836,P036,WH-East,2025-09-01,147,116,6,255,2,0,201.0
I00837,P037,WH-West,2025-09-01,67,63,145,0,1,1,33.5
I00838,P038,WH-North,2025-09-01,126,129,131,123,1,0,124.5
I00839,P039,WH-South,2025-09-01,242,15,145,112,0,0,177.0
I00840,P040,WH-North,2025-09-01,45,29,122,0,0,1,22.5
I00841,P041,WH-North,2025-09-01,71,82,95,58,0,1,64.5
I00842,P042,WH-West,2025-09-01,80,110,6,183,1,0,131.5
I00843,P043,WH-North,2025-09-01,208,79,117,169,1,0,188.5
I00844,P044,WH-North,2025-09-01,233,85,159,159,0,0,196.0
I00845,P045,WH-North,2025-09-01,55,151,39,167,0,0,111.0
I00846,P046,WH-North,2025-09-01,194,97,100,191,0,0,192.5
I00847,P047,WH-West,2025-09-01,261,26,116,170,1,0,215.5
I00848,P048,WH-West,2025-09-01,204,40,177,66,1,1,135.0
I00849,P049,WH-East,2025-09-01,269,95,8,355,1,0,312.0
I00850,P050,WH-North,2025-09-01,24,129,50,102,1,0,63.0
I00851,P051,WH-East,2025-09-01,155,57,107,104,1,0,129.5
I00852,P052,WH-North,2025-09-01,92,169,98,161,2,0,126.5
I00853,P053,WH-North,2025-09-01,245,21,98,168,0,0,206.5
I00854,P054,WH-South,2025-09-01,83,149,145,86,1,1,84.5
I00855,P055,WH-East,2025-09-01,264,154,51,366,1,0,315.0
I00856,P056,WH-East,2025-09-01,57,38,168,0,0,1,28.5
I00857,P057,WH-North,2025-09-01,88,33,9,111,1,0,99.5
I00858,P058,WH-West,2025-09-01,189,12,141,58,2,1,123.5
I00859,P059,WH-North,2025-09-01,113,176,96,192,1,0,152.5
I00860,P060,WH-South,2025-09-01,190,168,176,180,2,0,185.0
I00861,P061,WH-South,2025-09-01,215,13,66,161,1,0,188.0
I00862,P062,WH-West,2025-09-01,136,146,161,120,1,0,128.0
I00863,P063,WH-South,2025-09-01,85,44,75,54,0,1,69.5
I00864,P064,WH-North,2025-09-01,283,9,25,266,1,0,274.5
I00865,P065,WH-West,2025-09-01,104,24,24,104,0,0,104.0
I00866,P066,WH-South,2025-09-01,115,126,26,214,1,0,164.5
I00867,P067,WH-North,2025-09-01,165,11,32,144,0,0,154.5
I00868,P068,WH-North,2025-09-01,118,142,40,219,1,0,168.5
I00869,P069,WH-South,2025-09-01,110,125,49,186,0,0,148.0
I00870,P070,WH-South,2025-09-01,205,29,113,121,0,0,163.0
I00871,P071,WH-South,2025-09-01,201,85,41,244,1,0,222.5
I00872,P072,WH-South,2025-09-01,116,23,73,66,0,1,91.0
I00873,P073,WH-West,2025-09-01,105,160,21,244,0,0,174.5
I00874,P074,WH-East,2025-09-01,237,140,10,366,1,0,301.5
I00875,P075,WH-South,2025-09-01,254,127,128,252,1,0,253.0
I00876,P076,WH-North,2025-09-01,35,83,174,0,0,1,17.5
I00877,P077,WH-East,2025-09-01,119,14,89,43,1,0,81.0
I00878,P078,WH-West,2025-09-01,105,30,160,0,1,1,52.5
I00879,P079,WH-East,2025-09-01,38,162,19,181,0,0,109.5
I00880,P080,WH-South,2025-09-01,262,147,13,395,1,0,328.5
I00881,P081,WH-West,2025-09-01,122,90,6,203,3,0,162.5
I00882,P082,WH-East,2025-09-01,40,50,162,0,2,1,20.0
I00883,P083,WH-West,2025-09-01,284,112,172,224,0,0,254.0
I00884,P084,WH-West,2025-09-01,247,36,95,187,1,0,217.0
I00885,P085,WH-West,2025-09-01,197,109,108,197,1,0,197.0
I00886,P086,WH-North,2025-09-01,86,164,8,241,1,0,163.5
I00887,P087,WH-South,2025-09-01,289,122,115,296,0,0,292.5
I00888,P088,WH-West,2025-09-01,97,24,43,76,2,1,86.5
I00889,P089,WH-North,2025-09-01,89,153,52,189,1,0,139.0
I00890,P090,WH-North,2025-09-01,133,20,114,39,0,1,86.0
I00891,P091,WH-East,2025-09-01,37,14,46,3,2,1,20.0
I00892,P092,WH-South,2025-09-01,240,94,97,235,2,0,237.5
I00893,P093,WH-North,2025-09-01,97,94,150,41,0,0,69.0
I00894,P094,WH-South,2025-09-01,45,143,81,104,3,1,74.5
I00895,P095,WH-South,2025-09-01,220,46,75,190,1,0,205.0
I00896,P096,WH-East,2025-09-01,27,1,150,0,1,1,13.5
I00897,P097,WH-South,2025-09-01,61,101,143,18,1,1,39.5
I00898,P098,WH-West,2025-09-01,240,48,108,179,1,0,209.5
I00899,P099,WH-West,2025-09-01,47,92,31,106,2,0,76.5
I00900,P100,WH-South,2025-09-01,67,97,20,142,2,0,104.5
I00901,P001,WH-West,2025-10-01,34,101,98,37,0,1,35.5
I00902,P002,WH-South,2025-10-01,148,152,68,230,2,0,189.0
I00903,P003,WH-East,2025-10-01,267,175,72,368,2,0,317.5
I00904,P004,WH-East,2025-10-01,245,144,96,291,2,0,268.0
I00905,P005,WH-North,2025-10-01,36,135,6,165,0,0,100.5
I00906,P006,WH-North,2025-10-01,138,98,111,125,0,0,131.5
I00907,P007,WH-North,2025-10-01,28,141,78,89,2,0,58.5
I00908,P008,WH-West,2025-10-01,214,155,98,269,2,0,241.5
I00909,P009,WH-West,2025-10-01,199,10,158,50,1,0,124.5
I00910,P010,WH-West,2025-10-01,244,168,71,339,2,0,291.5
I00911,P011,WH-East,2025-10-01,114,105,139,78,2,1,96.0
I00912,P012,WH-East,2025-10-01,101,12,37,75,1,0,88.0
I00913,P013,WH-South,2025-10-01,286,69,25,330,0,0,308.0
I00914,P014,WH-West,2025-10-01,54,46,16,83,1,0,68.5
I00915,P015,WH-South,2025-10-01,297,138,91,341,3,0,319.0
I00916,P016,WH-South,2025-10-01,189,116,84,220,1,0,204.5
I00917,P017,WH-North,2025-10-01,107,96,22,179,2,0,143.0
I00918,P018,WH-East,2025-10-01,84,122,112,94,0,1,89.0
I00919,P019,WH-South,2025-10-01,237,146,93,287,3,0,262.0
I00920,P020,WH-South,2025-10-01,238,160,74,324,0,0,281.0
I00921,P021,WH-South,2025-10-01,118,86,84,119,1,0,118.5
I00922,P022,WH-West,2025-10-01,242,179,143,277,1,0,259.5
I00923,P023,WH-South,2025-10-01,162,27,146,43,0,1,102.5
I00924,P024,WH-South,2025-10-01,199,36,6,229,0,0,214.0
I00925,P025,WH-South,2025-10-01,245,72,112,203,2,0,224.0
I00926,P026,WH-West,2025-10-01,135,113,34,213,1,0,174.0
I00927,P027,WH-South,2025-10-01,126,58,124,59,1,1,92.5
I00928,P028,WH-West,2025-10-01,179,74,97,155,1,0,167.0
I00929,P029,WH-West,2025-10-01,188,56,57,187,0,0,187.5
I00930,P030,WH-North,2025-10-01,241,75,50,264,2,0,252.5
I00931,P031,WH-South,2025-10-01,135,11,5,140,1,0,137.5
I00932,P032,WH-West,2025-10-01,69,129,10,187,1,0,128.0
I00933,P033,WH-East,2025-10-01,185,75,87,172,1,0,178.5
I00934,P034,WH-East,2025-10-01,175,11,56,130,0,0,152.5
I00935,P035,WH-South,2025-10-01,119,21,106,32,2,0,75.5
I00936,P036,WH-South,2025-10-01,86,136,147,75,0,0,80.5
I00937,P037,WH-South,2025-10-01,216,121,99,238,0,0,227.0
I00938,P038,WH-North,2025-10-01,41,53,129,0,1,1,20.5
I00939,P039,WH-South,2025-10-01,200,98,23,273,2,0,236.5
I00940,P040,WH-West,2025-10-01,297,140,127,310,0,0,303.5
I00941,P041,WH-North,2025-10-01,266,65,174,157,0,0,211.5
I00942,P042,WH-West,2025-10-01,55,117,13,159,0,0,107.0
I00943,P043,WH-West,2025-10-01,86,6,27,65,0,0,75.5
I00944,P044,WH-South,2025-10-01,88,12,14,86,0,0,87.0
I00945,P045,WH-East,2025-10-01,227,179,133,273,0,0,250.0
I00946,P046,WH-North,2025-10-01,116,27,137,4,2,1,60.0
I00947,P047,WH-North,2025-10-01,294,103,46,348,3,0,321.0
I00948,P048,WH-South,2025-10-01,243,38,42,239,0,0,241.0
I00949,P049,WH-East,2025-10-01,79,61,35,104,1,0,91.5
I00950,P050,WH-South,2025-10-01,177,160,116,220,1,0,198.5
I00951,P051,WH-South,2025-10-01,231,146,141,235,1,0,233.0
I00952,P052,WH-South,2025-10-01,153,164,83,234,0,0,193.5
I00953,P053,WH-North,2025-10-01,167,29,22,174,0,0,170.5
I00954,P054,WH-South,2025-10-01,236,87,99,224,0,0,230.0
I00955,P055,WH-East,2025-10-01,80,81,82,76,3,0,78.0
I00956,P056,WH-North,2025-10-01,59,115,28,145,1,0,102.0
I00957,P057,WH-East,2025-10-01,58,130,112,75,1,0,66.5
I00958,P058,WH-West,2025-10-01,298,88,21,363,2,0,330.5
I00959,P059,WH-North,2025-10-01,47,57,22,81,1,0,64.0
I00960,P060,WH-East,2025-10-01,83,36,7,110,2,1,96.5
I00961,P061,WH-North,2025-10-01,102,166,137,129,2,0,115.5
I00962,P062,WH-North,2025-10-01,45,166,177,32,2,1,38.5
I00963,P063,WH-North,2025-10-01,170,39,36,173,0,0,171.5
I00964,P064,WH-South,2025-10-01,193,74,46,221,0,0,207.0
I00965,P065,WH-North,2025-10-01,122,46,170,0,1,1,61.0
I00966,P066,WH-West,2025-10-01,121,87,162,45,1,1,83.0
I00967,P067,WH-North,2025-10-01,26,56,34,47,1,1,36.5
I00968,P068,WH-North,2025-10-01,191,156,94,252,1,0,221.5
I00969,P069,WH-North,2025-10-01,277,141,117,300,1,0,288.5
I00970,P070,WH-West,2025-10-01,259,111,39,329,2,0,294.0
I00971,P071,WH-East,2025-10-01,101,31,155,0,1,1,50.5
I00972,P072,WH-West,2025-10-01,244,124,100,266,2,0,255.0
I00973,P073,WH-South,2025-10-01,104,83,91,96,0,0,100.0
I00974,P074,WH-West,2025-10-01,26,13,7,31,1,1,28.5
I00975,P075,WH-South,2025-10-01,187,168,154,199,2,0,193.0
I00976,P076,WH-South,2025-10-01,140,22,106,52,4,0,96.0
I00977,P077,WH-North,2025-10-01,20,31,153,0,3,1,10.0
I00978,P078,WH-East,2025-10-01,196,84,97,183,0,0,189.5
I00979,P079,WH-East,2025-10-01,115,58,136,37,0,1,76.0
I00980,P080,WH-East,2025-10-01,274,90,69,294,1,0,284.0
I00981,P081,WH-East,2025-10-01,161,164,34,291,0,0,226.0
I00982,P082,WH-West,2025-10-01,22,38,23,36,1,1,29.0
I00983,P083,WH-West,2025-10-01,147,166,14,298,1,0,222.5
I00984,P084,WH-North,2025-10-01,170,58,87,140,1,0,155.0
I00985,P085,WH-South,2025-10-01,263,43,22,282,2,0,272.5
I00986,P086,WH-East,2025-10-01,236,0,164,70,2,1,153.0
I00987,P087,WH-South,2025-10-01,109,99,178,29,1,1,69.0
I00988,P088,WH-North,2025-10-01,127,163,54,235,1,0,181.0
I00989,P089,WH-West,2025-10-01,217,22,16,222,1,0,219.5
I00990,P090,WH-South,2025-10-01,243,33,98,176,2,0,209.5
I00991,P091,WH-South,2025-10-01,182,175,41,316,0,0,249.0
I00992,P092,WH-East,2025-10-01,230,127,90,265,2,0,247.5
I00993,P093,WH-North,2025-10-01,270,38,8,300,0,0,285.0
I00994,P094,WH-South,2025-10-01,294,91,125,258,2,0,276.0
I00995,P095,WH-East,2025-10-01,107,54,95,66,0,1,86.5
I00996,P096,WH-South,2025-10-01,48,45,101,0,0,1,24.0
I00997,P097,WH-West,2025-10-01,268,73,156,184,1,0,226.0
I00998,P098,WH-West,2025-10-01,126,95,93,125,3,0,125.5
I00999,P099,WH-East,2025-10-01,176,82,123,133,2,0,154.5
I01000,P100,WH-South,2025-10-01,32,55,23,62,2,1,47.0
I01001,P001,WH-North,2025-11-01,175,79,118,135,1,0,155.0
I01002,P002,WH-North,2025-11-01,82,25,91,15,1,1,48.5
I01003,P003,WH-East,2025-11-01,219,105,135,188,1,0,203.5
I01004,P004,WH-West,2025-11-01,266,115,9,371,1,0,318.5
I01005,P005,WH-West,2025-11-01,33,52,49,35,1,1,34.0
I01006,P006,WH-South,2025-11-01,119,82,48,153,0,0,136.0
I01007,P007,WH-West,2025-11-01,40,65,105,0,1,1,20.0
I01008,P008,WH-North,2025-11-01,238,16,8,245,1,0,241.5
I01009,P009,WH-West,2025-11-01,208,141,94,255,0,0,231.5
I01010,P010,WH-West,2025-11-01,195,175,85,285,0,0,240.0
I01011,P011,WH-North,2025-11-01,151,80,165,64,2,1,107.5
I01012,P012,WH-West,2025-11-01,77,64,108,32,1,1,54.5
I01013,P013,WH-South,2025-11-01,108,108,118,98,0,0,103.0
I01014,P014,WH-East,2025-11-01,121,20,87,54,0,0,87.5
I01015,P015,WH-North,2025-11-01,217,41,41,215,2,0,216.0
I01016,P016,WH-South,2025-11-01,173,112,43,241,1,0,207.0
I01017,P017,WH-West,2025-11-01,205,155,75,282,3,0,243.5
I01018,P018,WH-East,2025-11-01,192,64,8,247,1,0,219.5
I01019,P019,WH-East,2025-11-01,166,85,104,145,2,0,155.5
I01020,P020,WH-South,2025-11-01,83,62,33,111,1,0,97.0
I01021,P021,WH-East,2025-11-01,275,38,27,286,0,0,280.5
I01022,P022,WH-North,2025-11-01,151,108,112,147,0,0,149.0
I01023,P023,WH-West,2025-11-01,296,170,142,324,0,0,310.0
I01024,P024,WH-West,2025-11-01,110,112,130,91,1,0,100.5
I01025,P025,WH-North,2025-11-01,157,46,13,189,1,0,173.0
I01026,P026,WH-West,2025-11-01,143,67,113,96,1,0,119.5
I01027,P027,WH-East,2025-11-01,151,104,133,118,4,0,134.5
I01028,P028,WH-South,2025-11-01,172,136,29,277,2,0,224.5
I01029,P029,WH-East,2025-11-01,68,64,13,118,1,0,93.0
I01030,P030,WH-East,2025-11-01,115,84,40,159,0,0,137.0
I01031,P031,WH-West,2025-11-01,182,131,66,246,1,0,214.0
I01032,P032,WH-East,2025-11-01,138,75,73,138,2,0,138.0
I01033,P033,WH-South,2025-11-01,273,3,60,214,2,0,243.5
I01034,P034,WH-East,2025-11-01,269,143,57,354,1,0,311.5
I01035,P035,WH-East,2025-11-01,185,122,36,269,2,0,227.0
I01036,P036,WH-East,2025-11-01,93,153,114,129,3,0,111.0
I01037,P037,WH-South,2025-11-01,192,14,150,56,0,1,124.0
I01038,P038,WH-South,2025-11-01,34,64,109,0,2,1,17.0
I01039,P039,WH-South,2025-11-01,49,40,71,16,2,1,32.5
I01040,P040,WH-East,2025-11-01,137,72,105,104,0,0,120.5
I01041,P041,WH-North,2025-11-01,114,101,135,79,1,1,96.5
I01042,P042,WH-North,2025-11-01,151,167,106,211,1,0,181.0
I01043,P043,WH-South,2025-11-01,274,161,177,256,2,0,265.0
I01044,P044,WH-West,2025-11-01,116,138,40,214,0,0,165.0
I01045,P045,WH-South,2025-11-01,172,164,94,242,0,0,207.0
I01046,P046,WH-East,2025-11-01,288,71,51,308,0,0,298.0
I01047,P047,WH-East,2025-11-01,227,169,132,264,0,0,245.5
I01048,P048,WH-East,2025-11-01,135,143,60,217,1,0,176.0
I01049,P049,WH-South,2025-11-01,255,95,84,265,1,0,260.0
I01050,P050,WH-North,2025-11-01,227,57,19,262,3,0,244.5
I01051,P051,WH-South,2025-11-01,83,134,56,160,1,0,121.5
I01052,P052,WH-South,2025-11-01,193,37,145,83,2,0,138.0
I01053,P053,WH-West,2025-11-01,218,34,135,114,3,0,166.0
I01054,P054,WH-South,2025-11-01,163,101,85,176,3,0,169.5
I01055,P055,WH-West,2025-11-01,234,107,61,280,0,0,257.0
I01056,P056,WH-West,2025-11-01,105,65,82,87,1,0,96.0
I01057,P057,WH-South,2025-11-01,121,80,77,123,1,0,122.0
I01058,P058,WH-East,2025-11-01,213,20,167,65,1,1,139.0
I01059,P059,WH-West,2025-11-01,44,171,103,111,1,0,77.5
I01060,P060,WH-South,2025-11-01,131,110,133,107,1,1,119.0
I01061,P061,WH-West,2025-11-01,37,163,138,60,2,1,48.5
I01062,P062,WH-East,2025-11-01,59,29,82,6,0,1,32.5
I01063,P063,WH-East,2025-11-01,183,78,162,99,0,0,141.0
I01064,P064,WH-South,2025-11-01,292,26,112,205,1,0,248.5
I01065,P065,WH-West,2025-11-01,190,128,28,287,3,0,238.5
I01066,P066,WH-East,2025-11-01,37,76,126,0,2,1,18.5
I01067,P067,WH-West,2025-11-01,247,82,145,183,1,0,215.0
I01068,P068,WH-East,2025-11-01,173,123,141,154,1,0,163.5
I01069,P069,WH-South,2025-11-01,141,105,75,170,1,0,155.5
I01070,P070,WH-West,2025-11-01,263,114,165,211,1,0,237.0
I01071,P071,WH-East,2025-11-01,187,131,160,158,0,0,172.5
I01072,P072,WH-North,2025-11-01,68,103,116,54,1,1,61.0
I01073,P073,WH-North,2025-11-01,165,130,102,193,0,0,179.0
I01074,P074,WH-South,2025-11-01,54,71,176,0,1,1,27.0
I01075,P075,WH-South,2025-11-01,132,93,118,106,1,0,119.0
I01076,P076,WH-North,2025-11-01,76,172,6,242,0,0,159.0
I01077,P077,WH-North,2025-11-01,137,83,79,139,2,0,138.0
I01078,P078,WH-North,2025-11-01,72,93,37,127,1,0,99.5
I01079,P079,WH-South,2025-11-01,148,162,29,279,2,0,213.5
I01080,P080,WH-West,2025-11-01,255,114,129,239,1,0,247.0
I01081,P081,WH-East,2025-11-01,146,137,152,131,0,0,138.5
I01082,P082,WH-East,2025-11-01,34,115,160,0,1,1,17.0
I01083,P083,WH-North,2025-11-01,201,169,42,324,4,0,262.5
I01084,P084,WH-East,2025-11-01,143,82,138,86,1,0,114.5
I01085,P085,WH-South,2025-11-01,289,145,74,357,3,0,323.0
I01086,P086,WH-South,2025-11-01,288,72,118,241,1,0,264.5
I01087,P087,WH-West,2025-11-01,289,8,141,156,0,0,222.5
I01088,P088,WH-East,2025-11-01,173,168,113,226,2,0,199.5
I01089,P089,WH-East,2025-11-01,103,67,18,150,2,0,126.5
I01090,P090,WH-South,2025-11-01,296,70,10,353,3,0,324.5
I01091,P091,WH-West,2025-11-01,172,131,166,137,0,0,154.5
I01092,P092,WH-West,2025-11-01,139,154,94,198,1,0,168.5
I01093,P093,WH-West,2025-11-01,123,147,19,251,0,0,187.0
I01094,P094,WH-South,2025-11-01,299,79,48,330,0,0,314.5
I01095,P095,WH-West,2025-11-01,224,178,154,247,1,0,235.5
I01096,P096,WH-East,2025-11-01,134,24,27,131,0,0,132.5
I01097,P097,WH-East,2025-11-01,52,38,157,0,1,1,26.0
I01098,P098,WH-North,2025-11-01,206,158,53,311,0,0,258.5
I01099,P099,WH-North,2025-11-01,207,108,170,144,1,0,175.5
I01100,P100,WH-South,2025-11-01,240,86,12,313,1,0,276.5
I01101,P001,WH-East,2025-12-01,240,90,60,269,1,0,254.5
I01102,P002,WH-East,2025-12-01,292,135,41,386,0,0,339.0
I01103,P003,WH-East,2025-12-01,133,57,48,142,0,0,137.5
I01104,P004,WH-South,2025-12-01,31,137,58,110,0,0,70.5
I01105,P005,WH-North,2025-12-01,155,99,172,81,1,0,118.0
I01106,P006,WH-South,2025-12-01,39,117,53,101,2,0,70.0
I01107,P007,WH-South,2025-12-01,166,141,11,296,0,0,231.0
I01108,P008,WH-West,2025-12-01,169,132,28,272,1,0,220.5
I01109,P009,WH-East,2025-12-01,253,153,59,347,0,0,300.0
I01110,P010,WH-West,2025-12-01,192,24,148,67,1,1,129.5
I01111,P011,WH-South,2025-12-01,48,63,133,0,0,1,24.0
I01112,P012,WH-West,2025-12-01,45,84,54,74,1,0,59.5
I01113,P013,WH-East,2025-12-01,99,28,139,0,0,1,49.5
I01114,P014,WH-North,2025-12-01,152,116,12,256,0,0,204.0
I01115,P015,WH-East,2025-12-01,199,73,5,267,0,0,233.0
I01116,P016,WH-South,2025-12-01,203,173,28,347,1,0,275.0
I01117,P017,WH-East,2025-12-01,23,107,123,7,0,1,15.0
I01118,P018,WH-North,2025-12-01,142,90,150,81,1,1,111.5
I01119,P019,WH-East,2025-12-01,122,102,89,133,2,0,127.5
I01120,P020,WH-North,2025-12-01,64,88,158,0,1,1,32.0
I01121,P021,WH-South,2025-12-01,138,83,150,71,0,0,104.5
I01122,P022,WH-East,2025-12-01,66,0,165,0,1,1,33.0
I01123,P023,WH-West,2025-12-01,263,13,176,98,2,0,180.5
I01124,P024,WH-North,2025-12-01,184,155,127,211,1,0,197.5
I01125,P025,WH-West,2025-12-01,199,144,169,172,2,0,185.5
I01126,P026,WH-South,2025-12-01,76,3,53,25,1,1,50.5
I01127,P027,WH-North,2025-12-01,200,159,106,253,0,0,226.5
I01128,P028,WH-West,2025-12-01,285,112,6,390,1,0,337.5
I01129,P029,WH-South,2025-12-01,139,143,20,261,1,0,200.0
I01130,P030,WH-North,2025-12-01,250,41,164,127,0,0,188.5
I01131,P031,WH-North,2025-12-01,22,71,120,0,2,1,11.0
I01132,P032,WH-West,2025-12-01,204,83,176,110,1,0,157.0
I01133,P033,WH-South,2025-12-01,42,137,142,37,0,1,39.5
I01134,P034,WH-South,2025-12-01,214,96,78,230,2,0,222.0
I01135,P035,WH-West,2025-12-01,282,9,31,260,0,0,271.0
I01136,P036,WH-South,2025-12-01,214,47,111,148,2,0,181.0
I01137,P037,WH-West,2025-12-01,117,91,15,192,1,0,154.5
I01138,P038,WH-East,2025-12-01,167,132,130,169,0,0,168.0
I01139,P039,WH-West,2025-12-01,141,97,135,101,2,0,121.0
I01140,P040,WH-North,2025-12-01,75,123,175,22,1,1,48.5
I01141,P041,WH-East,2025-12-01,195,104,101,197,1,0,196.0
I01142,P042,WH-West,2025-12-01,73,124,69,124,4,0,98.5
I01143,P043,WH-North,2025-12-01,255,127,152,230,0,0,242.5
I01144,P044,WH-East,2025-12-01,76,28,178,0,0,1,38.0
I01145,P045,WH-North,2025-12-01,98,106,56,147,1,0,122.5
I01146,P046,WH-West,2025-12-01,198,30,88,140,0,0,169.0
I01147,P047,WH-South,2025-12-01,158,147,60,244,1,0,201.0
I01148,P048,WH-West,2025-12-01,189,46,10,224,1,0,206.5
I01149,P049,WH-North,2025-12-01,90,36,127,0,0,1,45.0
I01150,P050,WH-West,2025-12-01,232,59,55,235,1,0,233.5
I01151,P051,WH-East,2025-12-01,83,114,25,172,0,0,127.5
I01152,P052,WH-North,2025-12-01,73,127,135,65,0,0,69.0
I01153,P053,WH-South,2025-12-01,84,3,131,0,4,1,42.0
I01154,P054,WH-North,2025-12-01,128,15,146,0,2,1,64.0
I01155,P055,WH-North,2025-12-01,93,52,122,23,0,1,58.0
I01156,P056,WH-North,2025-12-01,245,160,66,339,0,0,292.0
I01157,P057,WH-West,2025-12-01,35,157,171,20,1,1,27.5
I01158,P058,WH-West,2025-12-01,159,129,165,122,1,0,140.5
I01159,P059,WH-South,2025-12-01,182,94,127,147,2,0,164.5
I01160,P060,WH-West,2025-12-01,251,80,11,320,0,0,285.5
I01161,P061,WH-East,2025-12-01,238,64,97,205,0,0,221.5
I01162,P062,WH-North,2025-12-01,245,24,10,258,1,0,251.5
I01163,P063,WH-West,2025-12-01,38,8,165,0,0,1,19.0
I01164,P064,WH-North,2025-12-01,42,161,91,110,2,0,76.0
I01165,P065,WH-East,2025-12-01,26,106,116,15,1,1,20.5
I01166,P066,WH-West,2025-12-01,275,145,87,333,0,0,304.0
I01167,P067,WH-East,2025-12-01,51,76,74,50,3,1,50.5
I01168,P068,WH-West,2025-12-01,53,83,115,21,0,1,37.0
I01169,P069,WH-South,2025-12-01,116,56,154,17,1,1,66.5
I01170,P070,WH-West,2025-12-01,51,124,112,63,0,1,57.0
I01171,P071,WH-South,2025-12-01,21,58,37,40,2,1,30.5
I01172,P072,WH-East,2025-12-01,124,13,63,74,0,1,99.0
I01173,P073,WH-North,2025-12-01,48,111,113,46,0,0,47.0
I01174,P074,WH-North,2025-12-01,204,57,97,164,0,0,184.0
I01175,P075,WH-South,2025-12-01,72,85,68,88,1,1,80.0
I01176,P076,WH-West,2025-12-01,79,83,52,106,4,0,92.5
I01177,P077,WH-West,2025-12-01,45,83,154,0,0,1,22.5
I01178,P078,WH-East,2025-12-01,80,150,65,164,1,0,122.0
I01179,P079,WH-North,2025-12-01,294,12,134,171,1,0,232.5
I01180,P080,WH-West,2025-12-01,188,137,7,318,0,0,253.0
I01181,P081,WH-East,2025-12-01,126,39,171,0,1,1,63.0
I01182,P082,WH-East,2025-12-01,207,7,78,136,0,0,171.5
I01183,P083,WH-South,2025-12-01,114,130,171,73,0,0,93.5
I01184,P084,WH-West,2025-12-01,48,147,83,111,1,0,79.5
I01185,P085,WH-North,2025-12-01,32,107,171,0,1,1,16.0
I01186,P086,WH-East,2025-12-01,232,168,95,305,0,0,268.5
I01187,P087,WH-South,2025-12-01,28,171,129,68,2,0,48.0
I01188,P088,WH-North,2025-12-01,106,17,178,0,1,1,53.0
I01189,P089,WH-East,2025-12-01,145,48,106,86,1,0,115.5
I01190,P090,WH-East,2025-12-01,157,84,170,71,0,0,114.0
I01191,P091,WH-North,2025-12-01,268,11,56,221,2,0,244.5
I01192,P092,WH-East,2025-12-01,43,175,35,182,1,0,112.5
I01193,P093,WH-East,2025-12-01,91,117,147,61,0,0,76.0
I01194,P094,WH-East,2025-12-01,146,20,31,133,2,0,139.5
I01195,P095,WH-North,2025-12-01,144,105,146,101,2,1,122.5
I01196,P096,WH-North,2025-12-01,126,69,32,160,3,0,143.0
I01197,P097,WH-South,2025-12-01,121,66,128,58,1,1,89.5
I01198,P098,WH-East,2025-12-01,31,139,167,3,0,1,17.0
I01199,P099,WH-North,2025-12-01,287,18,99,205,1,0,246.0
I01200,P100,WH-East,2025-12-01,294,163,136,320,1,0,307.0
I01201,P001,WH-North,2026-01-01,63,75,113,23,2,1,43.0
I01202,P002,WH-West,2026-01-01,255,120,56,319,0,0,287.0
I01203,P003,WH-South,2026-01-01,109,82,17,174,0,0,141.5
I01204,P004,WH-North,2026-01-01,114,154,176,90,2,0,102.0
I01205,P005,WH-West,2026-01-01,90,103,60,130,3,0,110.0
I01206,P006,WH-North,2026-01-01,189,140,38,290,1,0,239.5
I01207,P007,WH-West,2026-01-01,22,73,111,0,0,1,11.0
I01208,P008,WH-West,2026-01-01,153,148,49,250,2,0,201.5
I01209,P009,WH-East,2026-01-01,223,60,167,114,2,0,168.5
I01210,P010,WH-North,2026-01-01,173,69,115,126,1,0,149.5
I01211,P011,WH-West,2026-01-01,150,147,98,199,0,0,174.5
I01212,P012,WH-North,2026-01-01,79,97,85,89,2,0,84.0
I01213,P013,WH-North,2026-01-01,92,26,85,29,4,0,60.5
I01214,P014,WH-North,2026-01-01,132,129,19,241,1,0,186.5
I01215,P015,WH-West,2026-01-01,188,72,18,240,2,0,214.0
I01216,P016,WH-North,2026-01-01,86,153,7,232,0,0,159.0
I01217,P017,WH-West,2026-01-01,143,173,18,295,3,0,219.0
I01218,P018,WH-East,2026-01-01,249,129,106,272,0,0,260.5
I01219,P019,WH-North,2026-01-01,110,34,66,78,0,0,94.0
I01220,P020,WH-West,2026-01-01,240,89,48,279,2,0,259.5
I01221,P021,WH-West,2026-01-01,193,32,158,65,2,0,129.0
I01222,P022,WH-North,2026-01-01,274,57,119,209,3,0,241.5
I01223,P023,WH-North,2026-01-01,261,74,97,235,3,0,248.0
I01224,P024,WH-East,2026-01-01,246,56,74,228,0,0,237.0
I01225,P025,WH-West,2026-01-01,283,90,130,242,1,0,262.5
I01226,P026,WH-West,2026-01-01,259,68,14,312,1,0,285.5
I01227,P027,WH-North,2026-01-01,176,158,10,323,1,0,249.5
I01228,P028,WH-West,2026-01-01,32,62,28,65,1,0,48.5
I01229,P029,WH-West,2026-01-01,38,82,92,28,0,1,33.0
I01230,P030,WH-East,2026-01-01,297,91,149,239,0,0,268.0
I01231,P031,WH-West,2026-01-01,164,134,33,264,1,0,214.0
I01232,P032,WH-East,2026-01-01,137,15,84,68,0,1,102.5
I01233,P033,WH-West,2026-01-01,60,59,62,55,2,1,57.5
I01234,P034,WH-South,2026-01-01,59,57,177,0,1,1,29.5
I01235,P035,WH-West,2026-01-01,30,55,27,56,2,0,43.0
I01236,P036,WH-South,2026-01-01,135,27,119,42,1,1,88.5
I01237,P037,WH-West,2026-01-01,262,178,142,297,1,0,279.5
I01238,P038,WH-West,2026-01-01,219,8,22,204,1,0,211.5
I01239,P039,WH-South,2026-01-01,85,21,84,21,1,1,53.0
I01240,P040,WH-North,2026-01-01,195,15,53,155,2,0,175.0
I01241,P041,WH-North,2026-01-01,82,167,60,188,1,0,135.0
I01242,P042,WH-West,2026-01-01,56,139,97,98,0,0,77.0
I01243,P043,WH-West,2026-01-01,170,73,76,167,0,0,168.5
I01244,P044,WH-South,2026-01-01,122,174,102,194,0,0,158.0
I01245,P045,WH-West,2026-01-01,173,39,148,62,2,1,117.5
I01246,P046,WH-North,2026-01-01,48,108,170,0,1,1,24.0
I01247,P047,WH-West,2026-01-01,285,174,176,282,1,0,283.5
I01248,P048,WH-West,2026-01-01,270,6,23,252,1,0,261.0
I01249,P049,WH-North,2026-01-01,42,85,104,22,1,1,32.0
I01250,P050,WH-East,2026-01-01,121,90,41,170,0,0,145.5
I01251,P051,WH-North,2026-01-01,49,42,36,54,1,0,51.5
I01252,P052,WH-North,2026-01-01,21,46,103,0,1,1,10.5
I01253,P053,WH-North,2026-01-01,237,40,46,230,1,0,233.5
I01254,P054,WH-West,2026-01-01,91,166,142,114,1,1,102.5
I01255,P055,WH-North,2026-01-01,252,49,79,220,2,0,236.0
I01256,P056,WH-North,2026-01-01,219,0,31,188,0,0,203.5
I01257,P057,WH-East,2026-01-01,195,22,176,40,1,1,117.5
I01258,P058,WH-East,2026-01-01,158,99,106,150,1,0,154.0
I01259,P059,WH-South,2026-01-01,166,95,44,217,0,0,191.5
I01260,P060,WH-South,2026-01-01,31,142,171,2,0,1,16.5
I01261,P061,WH-West,2026-01-01,125,18,61,82,0,1,103.5
I01262,P062,WH-West,2026-01-01,254,152,108,298,0,0,276.0
I01263,P063,WH-East,2026-01-01,146,100,139,106,1,0,126.0
I01264,P064,WH-North,2026-01-01,255,107,177,185,0,0,220.0
I01265,P065,WH-East,2026-01-01,82,118,97,103,0,0,92.5
I01266,P066,WH-East,2026-01-01,57,6,108,0,1,1,28.5
I01267,P067,WH-West,2026-01-01,276,36,157,153,2,0,214.5
I01268,P068,WH-North,2026-01-01,280,55,46,288,1,0,284.0
I01269,P069,WH-West,2026-01-01,90,1,71,20,0,1,55.0
I01270,P070,WH-North,2026-01-01,46,85,71,58,2,1,52.0
I01271,P071,WH-West,2026-01-01,233,179,75,337,0,0,285.0
I01272,P072,WH-West,2026-01-01,230,143,118,253,2,0,241.5
I01273,P073,WH-South,2026-01-01,122,154,78,197,1,0,159.5
I01274,P074,WH-South,2026-01-01,186,54,30,210,0,0,198.0
I01275,P075,WH-North,2026-01-01,31,104,112,19,4,1,25.0
I01276,P076,WH-East,2026-01-01,211,87,143,153,2,0,182.0
I01277,P077,WH-North,2026-01-01,106,70,115,59,2,0,82.5
I01278,P078,WH-South,2026-01-01,213,127,126,214,0,0,213.5
I01279,P079,WH-South,2026-01-01,131,46,79,95,3,0,113.0
I01280,P080,WH-East,2026-01-01,49,7,169,0,0,1,24.5
I01281,P081,WH-North,2026-01-01,210,127,15,322,0,0,266.0
I01282,P082,WH-East,2026-01-01,205,120,166,159,0,0,182.0
I01283,P083,WH-South,2026-01-01,120,173,26,266,1,0,193.0
I01284,P084,WH-South,2026-01-01,189,161,17,331,2,0,260.0
I01285,P085,WH-East,2026-01-01,216,94,15,294,1,0,255.0
I01286,P086,WH-East,2026-01-01,207,46,8,245,0,0,226.0
I01287,P087,WH-East,2026-01-01,137,85,34,188,0,0,162.5
I01288,P088,WH-North,2026-01-01,104,149,108,142,3,0,123.0
I01289,P089,WH-East,2026-01-01,169,154,67,256,0,0,212.5
I01290,P090,WH-South,2026-01-01,22,80,172,0,1,1,11.0
I01291,P091,WH-South,2026-01-01,271,155,121,303,2,0,287.0
I01292,P092,WH-East,2026-01-01,290,132,178,244,0,0,267.0
I01293,P093,WH-East,2026-01-01,183,44,99,125,3,0,154.0
I01294,P094,WH-West,2026-01-01,56,117,89,83,1,1,69.5
I01295,P095,WH-North,2026-01-01,248,162,154,255,1,0,251.5
I01296,P096,WH-West,2026-01-01,238,154,104,288,0,0,263.0
I01297,P097,WH-West,2026-01-01,235,7,49,192,1,0,213.5
I01298,P098,WH-North,2026-01-01,269,132,178,223,0,0,246.0
I01299,P099,WH-West,2026-01-01,162,16,80,98,0,0,130.0
I01300,P100,WH-South,2026-01-01,190,121,83,227,1,0,208.5
I01301,P001,WH-West,2026-02-01,41,136,51,125,1,0,83.0
I01302,P002,WH-North,2026-02-01,32,1,115,0,2,1,16.0
I01303,P003,WH-East,2026-02-01,151,87,153,84,1,0,117.5
I01304,P004,WH-North,2026-02-01,283,41,149,175,0,0,229.0
I01305,P005,WH-East,2026-02-01,73,159,125,107,0,0,90.0
I01306,P006,WH-East,2026-02-01,119,15,153,0,1,1,59.5
I01307,P007,WH-North,2026-02-01,298,88,88,295,3,0,296.5
I01308,P008,WH-North,2026-02-01,260,117,168,209,0,0,234.5
I01309,P009,WH-East,2026-02-01,24,3,62,0,2,1,12.0
I01310,P010,WH-West,2026-02-01,157,122,66,211,2,0,184.0
I01311,P011,WH-West,2026-02-01,238,176,30,383,1,0,310.5
I01312,P012,WH-South,2026-02-01,205,5,54,155,1,0,180.0
I01313,P013,WH-West,2026-02-01,236,89,153,172,0,0,204.0
I01314,P014,WH-East,2026-02-01,144,104,67,179,2,0,161.5
I01315,P015,WH-East,2026-02-01,262,49,156,155,0,0,208.5
I01316,P016,WH-West,2026-02-01,116,36,104,48,0,1,82.0
I01317,P017,WH-West,2026-02-01,294,148,43,399,0,0,346.5
I01318,P018,WH-South,2026-02-01,124,178,64,238,0,0,181.0
I01319,P019,WH-South,2026-02-01,229,91,126,194,0,0,211.5
I01320,P020,WH-North,2026-02-01,154,132,95,189,2,0,171.5
I01321,P021,WH-East,2026-02-01,144,36,147,33,0,1,88.5
I01322,P022,WH-South,2026-02-01,278,153,108,323,0,0,300.5
I01323,P023,WH-North,2026-02-01,118,146,17,246,1,0,182.0
I01324,P024,WH-North,2026-02-01,102,84,178,8,0,1,55.0
I01325,P025,WH-West,2026-02-01,146,131,32,245,0,0,195.5
I01326,P026,WH-South,2026-02-01,102,17,111,6,2,1,54.0
I01327,P027,WH-West,2026-02-01,95,22,160,0,3,1,47.5
I01328,P028,WH-West,2026-02-01,117,47,166,0,1,1,58.5
I01329,P029,WH-South,2026-02-01,209,161,61,308,1,0,258.5
I01330,P030,WH-North,2026-02-01,224,123,102,244,1,0,234.0
I01331,P031,WH-East,2026-02-01,126,103,148,81,0,0,103.5
I01332,P032,WH-East,2026-02-01,103,80,158,23,2,1,63.0
I01333,P033,WH-East,2026-02-01,52,77,35,92,2,0,72.0
I01334,P034,WH-South,2026-02-01,197,127,138,185,1,0,191.0
I01335,P035,WH-West,2026-02-01,220,140,62,296,2,0,258.0
I01336,P036,WH-North,2026-02-01,78,102,85,93,2,0,85.5
I01337,P037,WH-North,2026-02-01,196,60,44,211,1,0,203.5
I01338,P038,WH-West,2026-02-01,108,11,147,0,2,1,54.0
I01339,P039,WH-North,2026-02-01,284,147,93,336,2,0,310.0
I01340,P040,WH-North,2026-02-01,289,132,130,291,0,0,290.0
I01341,P041,WH-East,2026-02-01,79,80,47,110,2,1,94.5
I01342,P042,WH-North,2026-02-01,83,1,5,78,1,1,80.5
I01343,P043,WH-South,2026-02-01,43,129,63,106,3,0,74.5
I01344,P044,WH-West,2026-02-01,24,108,128,4,0,1,14.0
I01345,P045,WH-South,2026-02-01,202,137,89,249,1,0,225.5
I01346,P046,WH-South,2026-02-01,245,131,15,361,0,0,303.0
I01347,P047,WH-South,2026-02-01,208,150,130,226,2,0,217.0
I01348,P048,WH-West,2026-02-01,142,87,29,198,2,0,170.0
I01349,P049,WH-West,2026-02-01,93,123,143,73,0,1,83.0
I01350,P050,WH-West,2026-02-01,230,179,9,399,1,0,314.5
I01351,P051,WH-West,2026-02-01,161,147,24,284,0,0,222.5
I01352,P052,WH-East,2026-02-01,188,109,131,165,1,0,176.5
I01353,P053,WH-North,2026-02-01,277,139,32,384,0,0,330.5
I01354,P054,WH-North,2026-02-01,287,40,48,279,0,0,283.0
I01355,P055,WH-West,2026-02-01,219,154,125,247,1,0,233.0
I01356,P056,WH-West,2026-02-01,83,151,134,100,0,0,91.5
I01357,P057,WH-South,2026-02-01,212,57,98,171,0,0,191.5
I01358,P058,WH-North,2026-02-01,225,37,80,180,2,0,202.5
I01359,P059,WH-West,2026-02-01,130,79,88,120,1,0,125.0
I01360,P060,WH-North,2026-02-01,174,97,90,180,1,0,177.0
I01361,P061,WH-West,2026-02-01,114,30,174,0,1,1,57.0
I01362,P062,WH-North,2026-02-01,177,82,131,128,0,0,152.5
I01363,P063,WH-West,2026-02-01,163,158,14,307,0,0,235.0
I01364,P064,WH-West,2026-02-01,287,155,22,420,0,0,353.5
I01365,P065,WH-East,2026-02-01,250,13,12,251,0,0,250.5
I01366,P066,WH-North,2026-02-01,221,136,51,306,0,0,263.5
I01367,P067,WH-East,2026-02-01,140,151,17,272,2,0,206.0
I01368,P068,WH-South,2026-02-01,176,15,89,101,1,0,138.5
I01369,P069,WH-North,2026-02-01,207,168,13,360,2,0,283.5
I01370,P070,WH-North,2026-02-01,165,23,55,131,2,0,148.0
I01371,P071,WH-South,2026-02-01,102,61,95,67,1,1,84.5
I01372,P072,WH-West,2026-02-01,190,120,140,169,1,0,179.5
I01373,P073,WH-West,2026-02-01,140,52,44,147,1,0,143.5
I01374,P074,WH-North,2026-02-01,95,129,74,150,0,0,122.5
I01375,P075,WH-South,2026-02-01,145,35,45,134,1,0,139.5
I01376,P076,WH-West,2026-02-01,162,47,101,108,0,0,135.0
I01377,P077,WH-West,2026-02-01,210,24,8,225,1,0,217.5
I01378,P078,WH-East,2026-02-01,103,72,69,105,1,0,104.0
I01379,P079,WH-East,2026-02-01,107,152,166,93,0,0,100.0
I01380,P080,WH-West,2026-02-01,252,88,135,205,0,0,228.5
I01381,P081,WH-South,2026-02-01,129,119,92,156,0,0,142.5
I01382,P082,WH-East,2026-02-01,215,22,87,147,3,0,181.0
I01383,P083,WH-North,2026-02-01,107,52,151,5,3,1,56.0
I01384,P084,WH-West,2026-02-01,40,53,130,0,2,1,20.0
I01385,P085,WH-West,2026-02-01,262,145,149,255,3,0,258.5
I01386,P086,WH-South,2026-02-01,132,133,159,103,3,1,117.5
I01387,P087,WH-East,2026-02-01,182,139,33,287,1,0,234.5
I01388,P088,WH-South,2026-02-01,90,52,18,123,1,0,106.5
I01389,P089,WH-East,2026-02-01,33,52,119,0,2,1,16.5
I01390,P090,WH-East,2026-02-01,214,84,98,199,1,0,206.5
I01391,P091,WH-West,2026-02-01,130,166,105,190,1,0,160.0
I01392,P092,WH-North,2026-02-01,277,21,132,166,0,0,221.5
I01393,P093,WH-North,2026-02-01,278,22,105,195,0,0,236.5
I01394,P094,WH-East,2026-02-01,52,125,72,105,0,0,78.5
I01395,P095,WH-West,2026-02-01,155,19,66,106,2,1,130.5
I01396,P096,WH-South,2026-02-01,94,113,125,81,1,0,87.5
I01397,P097,WH-South,2026-02-01,282,137,172,247,0,0,264.5
I01398,P098,WH-North,2026-02-01,38,109,170,0,2,1,19.0
I01399,P099,WH-East,2026-02-01,168,134,11,289,2,0,228.5
I01400,P100,WH-North,2026-02-01,109,17,121,4,1,1,56.5
I01401,P001,WH-West,2026-03-01,211,141,29,323,0,0,267.0
I01402,P002,WH-North,2026-03-01,58,121,116,63,0,0,60.5
I01403,P003,WH-South,2026-03-01,132,148,63,216,1,0,174.0
I01404,P004,WH-North,2026-03-01,73,172,173,72,0,0,72.5
I01405,P005,WH-East,2026-03-01,149,71,145,74,1,0,111.5
I01406,P006,WH-South,2026-03-01,145,1,14,130,2,0,137.5
I01407,P007,WH-East,2026-03-01,243,64,113,192,2,0,217.5
I01408,P008,WH-East,2026-03-01,130,157,169,117,1,0,123.5
I01409,P009,WH-West,2026-03-01,232,124,17,338,1,0,285.0
I01410,P010,WH-North,2026-03-01,177,151,42,285,1,0,231.0
I01411,P011,WH-West,2026-03-01,291,109,59,340,1,0,315.5
I01412,P012,WH-South,2026-03-01,71,48,52,66,1,0,68.5
I01413,P013,WH-South,2026-03-01,292,40,58,274,0,0,283.0
I01414,P014,WH-East,2026-03-01,173,75,150,97,1,0,135.0
I01415,P015,WH-East,2026-03-01,75,116,34,157,0,0,116.0
I01416,P016,WH-South,2026-03-01,71,54,142,0,4,1,35.5
I01417,P017,WH-West,2026-03-01,210,158,160,206,2,0,208.0
I01418,P018,WH-South,2026-03-01,179,34,89,123,1,0,151.0
I01419,P019,WH-East,2026-03-01,27,162,27,161,1,0,94.0
I01420,P020,WH-West,2026-03-01,185,18,49,154,0,0,169.5
I01421,P021,WH-North,2026-03-01,246,58,5,296,3,0,271.0
I01422,P022,WH-North,2026-03-01,280,146,62,362,2,0,321.0
I01423,P023,WH-West,2026-03-01,41,52,61,31,1,1,36.0
I01424,P024,WH-North,2026-03-01,280,149,118,311,0,0,295.5
I01425,P025,WH-North,2026-03-01,45,24,73,0,1,1,22.5
I01426,P026,WH-East,2026-03-01,239,19,176,80,2,0,159.5
I01427,P027,WH-South,2026-03-01,131,126,175,81,1,1,106.0
I01428,P028,WH-East,2026-03-01,87,142,150,79,0,0,83.0
I01429,P029,WH-West,2026-03-01,44,149,169,22,2,1,33.0
I01430,P030,WH-West,2026-03-01,96,67,32,129,2,0,112.5
I01431,P031,WH-North,2026-03-01,168,142,135,174,1,0,171.0
I01432,P032,WH-North,2026-03-01,283,136,126,292,1,0,287.5
I01433,P033,WH-South,2026-03-01,38,26,156,0,0,1,19.0
I01434,P034,WH-North,2026-03-01,29,105,21,112,1,0,70.5
I01435,P035,WH-North,2026-03-01,65,177,14,228,0,0,146.5
I01436,P036,WH-South,2026-03-01,32,175,148,58,1,0,45.0
I01437,P037,WH-East,2026-03-01,224,71,15,277,3,0,250.5
I01438,P038,WH-South,2026-03-01,67,6,5,64,4,1,65.5
I01439,P039,WH-South,2026-03-01,162,91,82,169,2,0,165.5
I01440,P040,WH-East,2026-03-01,167,117,28,255,1,0,211.0
I01441,P041,WH-South,2026-03-01,233,157,42,348,0,0,290.5
I01442,P042,WH-West,2026-03-01,148,120,165,103,0,0,125.5
I01443,P043,WH-South,2026-03-01,83,8,36,55,0,1,69.0
I01444,P044,WH-West,2026-03-01,128,169,138,159,0,0,143.5
I01445,P045,WH-North,2026-03-01,251,150,107,292,2,0,271.5
I01446,P046,WH-South,2026-03-01,172,16,112,75,1,1,123.5
I01447,P047,WH-South,2026-03-01,98,36,116,16,2,1,57.0
I01448,P048,WH-West,2026-03-01,184,58,14,227,1,0,205.5
I01449,P049,WH-West,2026-03-01,234,145,91,288,0,0,261.0
I01450,P050,WH-West,2026-03-01,242,116,107,251,0,0,246.5
I01451,P051,WH-North,2026-03-01,204,102,29,277,0,0,240.5
I01452,P052,WH-West,2026-03-01,130,65,132,62,1,0,96.0
I01453,P053,WH-North,2026-03-01,172,172,27,317,0,0,244.5
I01454,P054,WH-North,2026-03-01,139,160,125,173,1,0,156.0
I01455,P055,WH-East,2026-03-01,273,156,116,311,2,0,292.0
I01456,P056,WH-West,2026-03-01,139,84,167,56,0,1,97.5
I01457,P057,WH-North,2026-03-01,55,79,16,118,0,0,86.5
I01458,P058,WH-South,2026-03-01,94,78,83,89,0,0,91.5
I01459,P059,WH-North,2026-03-01,48,57,30,75,0,0,61.5
I01460,P060,WH-North,2026-03-01,78,143,107,113,1,1,95.5
I01461,P061,WH-South,2026-03-01,190,111,130,170,1,0,180.0
I01462,P062,WH-South,2026-03-01,205,108,6,305,2,0,255.0
I01463,P063,WH-East,2026-03-01,238,153,113,275,3,0,256.5
I01464,P064,WH-East,2026-03-01,110,80,138,50,2,1,80.0
I01465,P065,WH-West,2026-03-01,63,65,49,79,0,0,71.0
I01466,P066,WH-South,2026-03-01,23,96,102,17,0,1,20.0
I01467,P067,WH-West,2026-03-01,255,136,105,284,2,0,269.5
I01468,P068,WH-South,2026-03-01,214,17,44,186,1,0,200.0
I01469,P069,WH-South,2026-03-01,200,113,174,139,0,0,169.5
I01470,P070,WH-North,2026-03-01,145,113,167,91,0,1,118.0
I01471,P071,WH-East,2026-03-01,159,48,154,52,1,1,105.5
I01472,P072,WH-South,2026-03-01,297,102,44,355,0,0,326.0
I01473,P073,WH-North,2026-03-01,173,122,173,122,0,0,147.5
I01474,P074,WH-North,2026-03-01,92,45,62,73,2,1,82.5
I01475,P075,WH-West,2026-03-01,178,31,13,194,2,0,186.0
I01476,P076,WH-North,2026-03-01,283,151,72,361,1,0,322.0
I01477,P077,WH-North,2026-03-01,40,47,13,74,0,0,57.0
I01478,P078,WH-West,2026-03-01,25,175,50,149,1,0,87.0
I01479,P079,WH-East,2026-03-01,226,100,135,191,0,0,208.5
I01480,P080,WH-East,2026-03-01,154,15,96,73,0,0,113.5
I01481,P081,WH-West,2026-03-01,282,98,116,264,0,0,273.0
I01482,P082,WH-East,2026-03-01,259,97,133,221,2,0,240.0
I01483,P083,WH-West,2026-03-01,106,3,134,0,0,1,53.0
I01484,P084,WH-West,2026-03-01,126,81,85,121,1,0,123.5
I01485,P085,WH-West,2026-03-01,287,120,167,239,1,0,263.0
I01486,P086,WH-North,2026-03-01,249,32,78,203,0,0,226.0
I01487,P087,WH-East,2026-03-01,285,152,173,262,2,0,273.5
I01488,P088,WH-East,2026-03-01,208,59,37,230,0,0,219.0
I01489,P089,WH-East,2026-03-01,193,110,136,166,1,0,179.5
I01490,P090,WH-South,2026-03-01,37,81,38,80,0,0,58.5
I01491,P091,WH-West,2026-03-01,109,86,37,157,1,0,133.0
I01492,P092,WH-North,2026-03-01,179,111,103,185,2,0,182.0
I01493,P093,WH-East,2026-03-01,162,49,120,91,0,0,126.5
I01494,P094,WH-East,2026-03-01,89,136,145,78,2,1,83.5
I01495,P095,WH-West,2026-03-01,20,124,118,24,2,1,22.0
I01496,P096,WH-South,2026-03-01,274,45,169,150,0,0,212.0
I01497,P097,WH-South,2026-03-01,95,76,146,25,0,1,60.0
I01498,P098,WH-North,2026-03-01,105,8,118,0,1,1,52.5
I01499,P099,WH-South,2026-03-01,125,64,31,158,0,0,141.5
I01500,P100,WH-West,2026-03-01,136,145,168,113,0,1,124.5
I01501,P001,WH-North,2026-04-01,181,31,55,157,0,0,169.0
I01502,P002,WH-South,2026-04-01,273,84,17,339,1,0,306.0
I01503,P003,WH-East,2026-04-01,283,57,128,212,0,0,247.5
I01504,P004,WH-South,2026-04-01,155,60,80,134,1,0,144.5
I01505,P005,WH-North,2026-04-01,113,73,151,33,2,1,73.0
I01506,P006,WH-South,2026-04-01,167,1,34,134,0,0,150.5
I01507,P007,WH-East,2026-04-01,66,42,15,91,2,0,78.5
I01508,P008,WH-South,2026-04-01,23,110,170,0,2,1,11.5
I01509,P009,WH-West,2026-04-01,258,158,108,307,1,0,282.5
I01510,P010,WH-South,2026-04-01,78,107,109,76,0,1,77.0
I01511,P011,WH-East,2026-04-01,226,24,88,160,2,0,193.0
I01512,P012,WH-West,2026-04-01,29,176,129,74,2,0,51.5
I01513,P013,WH-South,2026-04-01,145,112,118,139,0,0,142.0
I01514,P014,WH-East,2026-04-01,30,82,148,0,0,1,15.0
I01515,P015,WH-North,2026-04-01,77,84,170,0,2,1,38.5
I01516,P016,WH-South,2026-04-01,90,115,71,134,0,0,112.0
I01517,P017,WH-East,2026-04-01,22,57,31,47,1,1,34.5
I01518,P018,WH-East,2026-04-01,194,64,152,105,1,0,149.5
I01519,P019,WH-South,2026-04-01,23,82,58,46,1,0,34.5
I01520,P020,WH-East,2026-04-01,183,79,165,96,1,0,139.5
I01521,P021,WH-East,2026-04-01,65,140,97,107,1,0,86.0
I01522,P022,WH-South,2026-04-01,155,104,50,205,4,0,180.0
I01523,P023,WH-East,2026-04-01,20,111,94,36,1,1,28.0
I01524,P024,WH-South,2026-04-01,217,147,20,344,0,0,280.5
I01525,P025,WH-North,2026-04-01,92,119,140,71,0,1,81.5
I01526,P026,WH-West,2026-04-01,227,13,151,89,0,0,158.0
I01527,P027,WH-North,2026-04-01,130,124,97,155,2,0,142.5
I01528,P028,WH-South,2026-04-01,267,142,67,340,2,0,303.5
I01529,P029,WH-South,2026-04-01,275,176,146,303,2,0,289.0
I01530,P030,WH-North,2026-04-01,114,38,164,0,2,1,57.0
I01531,P031,WH-South,2026-04-01,119,162,27,253,1,0,186.0
I01532,P032,WH-East,2026-04-01,266,89,10,344,1,0,305.0
I01533,P033,WH-West,2026-04-01,129,110,99,140,0,0,134.5
I01534,P034,WH-North,2026-04-01,32,85,80,36,1,1,34.0
I01535,P035,WH-East,2026-04-01,42,69,129,0,1,1,21.0
I01536,P036,WH-South,2026-04-01,218,137,72,282,1,0,250.0
I01537,P037,WH-North,2026-04-01,234,7,118,123,0,0,178.5
I01538,P038,WH-North,2026-04-01,274,66,171,169,0,0,221.5
I01539,P039,WH-South,2026-04-01,222,156,149,227,2,0,224.5
I01540,P040,WH-West,2026-04-01,289,164,118,333,2,0,311.0
I01541,P041,WH-East,2026-04-01,48,48,6,89,1,1,68.5
I01542,P042,WH-North,2026-04-01,89,45,67,66,1,1,77.5
I01543,P043,WH-South,2026-04-01,46,22,104,0,1,1,23.0
I01544,P044,WH-West,2026-04-01,228,141,154,215,0,0,221.5
I01545,P045,WH-South,2026-04-01,259,37,94,200,2,0,229.5
I01546,P046,WH-North,2026-04-01,36,119,27,128,0,0,82.0
I01547,P047,WH-North,2026-04-01,167,95,8,253,1,0,210.0
I01548,P048,WH-West,2026-04-01,241,108,30,319,0,0,280.0
I01549,P049,WH-West,2026-04-01,187,36,61,161,1,0,174.0
I01550,P050,WH-East,2026-04-01,91,2,144,0,0,1,45.5
I01551,P051,WH-North,2026-04-01,70,138,138,68,2,0,69.0
I01552,P052,WH-North,2026-04-01,245,25,84,186,0,0,215.5
I01553,P053,WH-South,2026-04-01,241,48,88,200,1,0,220.5
I01554,P054,WH-West,2026-04-01,261,122,23,358,2,0,309.5
I01555,P055,WH-South,2026-04-01,150,127,111,163,3,0,156.5
I01556,P056,WH-East,2026-04-01,64,56,134,0,1,1,32.0
I01557,P057,WH-East,2026-04-01,24,153,167,10,0,1,17.0
I01558,P058,WH-South,2026-04-01,166,105,85,184,2,0,175.0
I01559,P059,WH-North,2026-04-01,144,71,108,105,2,0,124.5
I01560,P060,WH-West,2026-04-01,233,140,46,326,1,0,279.5
I01561,P061,WH-South,2026-04-01,131,12,100,42,1,1,86.5
I01562,P062,WH-West,2026-04-01,254,162,54,362,0,0,308.0
I01563,P063,WH-North,2026-04-01,217,41,147,110,1,0,163.5
I01564,P064,WH-East,2026-04-01,21,160,157,23,1,1,22.0
I01565,P065,WH-South,2026-04-01,270,111,29,352,0,0,311.0
I01566,P066,WH-West,2026-04-01,123,77,109,90,1,0,106.5
I01567,P067,WH-West,2026-04-01,134,149,90,193,0,0,163.5
I01568,P068,WH-South,2026-04-01,103,62,6,158,1,0,130.5
I01569,P069,WH-North,2026-04-01,99,155,120,132,2,0,115.5
I01570,P070,WH-East,2026-04-01,34,42,137,0,1,1,17.0
I01571,P071,WH-East,2026-04-01,82,170,55,193,4,0,137.5
I01572,P072,WH-West,2026-04-01,173,96,178,91,0,1,132.0
I01573,P073,WH-West,2026-04-01,48,104,65,86,1,0,67.0
I01574,P074,WH-West,2026-04-01,266,157,43,379,1,0,322.5
I01575,P075,WH-West,2026-04-01,198,1,160,39,0,1,118.5
I01576,P076,WH-East,2026-04-01,283,30,43,270,0,0,276.5
I01577,P077,WH-North,2026-04-01,224,143,27,338,2,0,281.0
I01578,P078,WH-South,2026-04-01,201,68,16,252,1,0,226.5
I01579,P079,WH-South,2026-04-01,111,89,8,191,1,0,151.0
I01580,P080,WH-South,2026-04-01,211,106,74,239,4,0,225.0
I01581,P081,WH-South,2026-04-01,258,84,43,299,0,0,278.5
I01582,P082,WH-North,2026-04-01,49,157,165,40,1,1,44.5
I01583,P083,WH-East,2026-04-01,153,53,136,70,0,0,111.5
I01584,P084,WH-North,2026-04-01,150,56,84,122,0,0,136.0
I01585,P085,WH-North,2026-04-01,139,133,153,118,1,0,128.5
I01586,P086,WH-East,2026-04-01,47,44,62,29,0,1,38.0
I01587,P087,WH-North,2026-04-01,52,107,136,23,0,1,37.5
I01588,P088,WH-South,2026-04-01,210,80,154,135,1,0,172.5
I01589,P089,WH-East,2026-04-01,76,152,32,194,2,0,135.0
I01590,P090,WH-South,2026-04-01,155,140,176,119,0,0,137.0
I01591,P091,WH-North,2026-04-01,214,73,19,268,0,0,241.0
I01592,P092,WH-South,2026-04-01,71,173,63,179,2,0,125.0
I01593,P093,WH-North,2026-04-01,145,41,55,131,0,0,138.0
I01594,P094,WH-West,2026-04-01,273,65,173,165,0,0,219.0
I01595,P095,WH-East,2026-04-01,254,176,135,295,0,0,274.5
I01596,P096,WH-South,2026-04-01,81,143,22,201,1,0,141.0
I01597,P097,WH-North,2026-04-01,254,105,69,290,0,0,272.0
I01598,P098,WH-South,2026-04-01,119,58,99,76,2,1,97.5
I01599,P099,WH-East,2026-04-01,148,52,66,132,2,0,140.0
I01600,P100,WH-North,2026-04-01,33,107,102,37,1,1,35.0
